# Java Audiveris 5.11 (JDK 25) per-spot beam recognition for chula.png,
# sheet 1, from oracle/java/BeamsProbe.java.
#
# oracle/beams-chula.txt pins the SIG at the *end* of BEAMS, three stages
# downstream of recognition -- extension, hooks and grouping all add and remove
# beams after the fact. So a port whose per-spot recognition is perfect and
# whose extension is missing looks, in that oracle, like a port that cannot
# recognise beams at all. This one stops at createBeamInters and reports per
# spot, so the two can be told apart.
#
#   sheet <file>#<n> interline <i> beam <b> smallBeam <s>
#   itemparam  <name> <value>    -- BeamsBuilder.ItemParameters, as Java scales
#   sheetparam <name> <value>    -- BeamsBuilder.Parameters
#   spot <i> system <s> <x> <y> <w> <h> <weight>
#   reject <i> <reason>          -- one of checkBeamGlyph's six named refusals
#   meanheight <i> <v>           -- glyph mean thickness, the "too slim" test
#   meandist <i> <v>             -- computeLines, the "wavy borders" test
#   structwidth <i> <v>          -- the "too narrow width" test
#   slopegap <i> <v>             -- compareSlopes, the "diverging beams" test
#   line <spot> <l> <x1> <y1> <x2> <y2> <height>
#   item <spot> <l> <i> <x1> <y1> <x2> <y2> <height>
#   jitter <spot> <top> <bottom> <distImpact>
#   section <spot> <i> <x> <y> <w> <h> <centreX> <yOnMedian> <contains>
#   polygon <spot> <i> <bx> <by> <bw> <bh> <x,y>...
#
# The last two exist because retrieveItems decides where a beam item starts by
# asking whether a section's centre lies on the median -- and Java asks that of
# the section's *polygon*, not its bounding box. The polygon's outline puts a
# run's far edge at stop+1, so the two disagree exactly at the margin, which is
# where a port gets a beam that starts one section late.
#
# The rejections are half the value here. Java refuses a spot for a named
# reason before any structure exists, and a port that accepts a spot Java
# refused is wrong in a way no accepted-beam comparison would ever show. On
# this page 211 of 318 dispatched spots are refused, and every intermediate the
# refusals test is pinned beside them.
#
# Spot indices run across systems in Java's own per-system order, which is
# Glyphs.byFullOrdinate rather than by abscissa. A spot straddling two systems
# is dispatched to both and appears twice, which is why there are 318 here and
# 305 in oracle/beam-spots.txt.
#
# The probe reaches STEM_SEEDS and then runs BeamsStep's prolog itself, rather
# than reaching BEAMS: the step's own epilog removes every BEAM_SPOT glyph, so
# a probe that lets it finish finds nothing left to report on.
#
# Regenerate:
#   unset JAVA_TOOL_OPTIONS
#   JAVA_HOME=/path/to/jdk25/Contents/Home ./gradlew --no-daemon -q \
#     -I rust/oracle/java/staff-impacts.init.gradle :app:beamsProbe \
#     -PbeamsTargets="data/examples/chula.png:1"
sheet chula.png#1 interline 21 beam 12 smallBeam null
itemparam minBeamWidthLow 21.0
itemparam minBeamWidthHigh 84.0
sheet chula.png#1 interline 21 beam 12 smallBeam null
itemparam minBeamWidthLow 21.0
itemparam minBeamWidthHigh 84.0
itemparam minHookWidthLow 14.7
itemparam minHookWidthHigh 21.0
itemparam maxHookWidth 42.0
itemparam minHeightLow 8.399999999999999
itemparam typicalHeight 12.0
itemparam maxHeightHigh 16.799999999999997
itemparam cornerMargin 2.4000000000000004
itemparam maxItemXGap 10.5
itemparam coreSectionWidth 3
sheetparam maxSideBeamDx 84
sheetparam minBeamsGapX 4
sheetparam maxBeamsGapX 21
sheetparam maxBeamsGapY 5
sheetparam beamsXMargin 5
sheetparam maxStemBeamGapX 4
sheetparam maxStemBeamGapY 17
sheetparam maxExtensionToStem 21
sheetparam maxExtensionToSpot 10
sheetparam beltMarginDx 5
sheetparam beltMarginDy 3
sheetparam cueXMargin 42
sheetparam cueYMargin 63
sheetparam cueBoxDx 5
sheetparam cueBoxDy 21
sheetparam cueMinBeamHeadDy 21
sheetparam maxDistanceToBorder 3.15
spot 0 system 1 1028 123 10 40 345
reject 0 too narrow
spot 1 system 1 1081 124 9 34 286
reject 1 too narrow
spot 2 system 1 1131 124 9 40 340
reject 2 too narrow
spot 3 system 1 1270 125 10 40 344
reject 3 too narrow
spot 4 system 1 1486 125 10 40 345
reject 4 too narrow
spot 5 system 1 1354 126 10 39 336
reject 5 too narrow
spot 6 system 1 1505 129 9 14 106
reject 6 too narrow
spot 7 system 1 1290 130 9 12 88
reject 7 too narrow
spot 8 system 1 1373 130 9 13 97
reject 8 too narrow
spot 9 system 1 1181 131 9 9 61
reject 9 too narrow
spot 10 system 1 1449 131 10 11 82
reject 10 too narrow
spot 11 system 1 978 132 10 23 198
reject 11 too narrow
spot 12 system 1 1314 132 10 9 70
reject 12 too narrow
spot 13 system 1 1543 132 9 10 70
reject 13 too narrow
spot 14 system 1 1391 133 11 26 226
reject 14 too narrow
spot 15 system 1 1421 133 11 23 198
reject 15 too narrow
spot 16 system 1 1052 137 9 11 79
reject 16 too narrow
spot 17 system 1 1320 144 10 11 82
reject 17 too narrow
spot 18 system 1 1366 144 9 9 61
reject 18 too narrow
spot 19 system 1 1187 145 9 9 61
reject 19 too narrow
spot 20 system 1 1455 145 9 9 61
reject 20 too narrow
spot 21 system 1 1549 146 9 10 70
reject 21 too narrow
spot 22 system 1 1053 152 9 11 79
reject 22 too narrow
spot 23 system 1 1192 156 9 9 61
reject 23 too narrow
spot 24 system 1 1141 328 10 10 74
reject 24 too narrow
spot 25 system 1 649 343 26 21 401
meanheight 25 15.423076923
meandist 25 null
reject 25 wavy or inconsistent borders
spot 26 system 1 1363 346 26 21 411
meanheight 26 15.807692308
meandist 26 1.1232110517454759
structwidth 26 22.000000000
slopegap 26 0.000000000
section 26 0 1363 357 1 6 1363.500000000 360.135688600 true
polygon 26 0 1363 357 1 6 1363,357 1364,357 1364,363 1363,363 1363,357
section 26 1 1364 354 2 11 1365.000000000 359.669149582 true
polygon 26 1 1364 354 2 11 1364,355 1365,355 1365,354 1366,354 1366,365 1364,365 1364,355
section 26 2 1366 346 19 21 1375.500000000 356.403376454 true
polygon 26 2 1366 346 19 21 1366,353 1367,353 1367,351 1368,351 1368,350 1370,350 1370,349 1371,349 1371,348 1373,348 1373,347 1376,347 1376,346 1383,346 1383,347 1385,347 1385,362 1384,362 1384,363 1383,363 1383,364 1381,364 1381,365 1379,365 1379,366 1377,366 1377,367 1368,367 1368,366 1366,366 1366,353
section 26 3 1385 348 3 13 1386.500000000 352.982090319 true
polygon 26 3 1385 348 3 13 1385,348 1386,348 1386,349 1387,349 1387,350 1388,350 1388,360 1386,360 1386,361 1385,361 1385,348
section 26 4 1388 352 1 6 1388.500000000 352.360038294 true
polygon 26 4 1388 352 1 6 1388,352 1389,352 1389,358 1388,358 1388,352
line 26 0 1363.000000000 360.291201606 1388.000000000 352.515551301 17.906208208
item 26 0 0 1363.000000000 360.291201606 1389.000000000 352.204525288 17.906208208
jitter 26 0.060898811 0.050145626 -1.776110915
spot 27 system 1 1141 351 10 9 70
reject 27 too narrow
spot 28 system 1 692 353 26 24 446
meanheight 28 17.153846154
meandist 28 null
reject 28 wavy or inconsistent borders
spot 29 system 1 1405 357 26 25 470
meanheight 29 18.076923077
reject 29 too steep
spot 30 system 1 1811 360 12 331 3407
reject 30 too narrow
spot 31 system 1 497 363 26 21 394
meanheight 31 15.153846154
meandist 31 null
reject 31 wavy or inconsistent borders
spot 32 system 1 1086 363 12 12 118
reject 32 too narrow
spot 33 system 1 601 364 27 20 405
meanheight 33 15.000000000
meandist 33 0.896110430880768
structwidth 33 19.000000000
reject 33 too narrow width
spot 34 system 1 869 365 26 20 393
meanheight 34 15.115384615
meandist 34 0.9753706061589568
structwidth 34 21.000000000
slopegap 34 0.000000000
section 34 0 869 376 1 5 869.500000000 378.892037005 true
polygon 34 0 869 376 1 5 869,376 870,376 870,381 869,381 869,376
section 34 1 870 372 3 12 871.500000000 378.217690913 true
polygon 34 1 870 372 3 12 870,374 871,374 871,373 872,373 872,372 873,372 873,384 871,384 871,383 870,383 870,374
section 34 2 873 365 18 20 882.000000000 374.677373927 true
polygon 34 2 873 365 18 20 873,370 875,370 875,369 876,369 876,368 877,368 877,367 879,367 879,366 882,366 882,365 890,365 890,366 891,366 891,380 890,380 890,381 889,381 889,382 888,382 888,383 886,383 886,384 883,384 883,385 873,385 873,370
section 34 3 891 366 3 13 892.500000000 371.137056942 true
polygon 34 3 891 366 3 13 891,366 892,366 892,367 893,367 893,368 894,368 894,378 892,378 892,379 891,379 891,366
section 34 4 894 370 1 6 894.500000000 370.462710849 true
polygon 34 4 894 370 1 6 894,370 895,370 895,376 894,376 894,370
line 34 0 869.000000000 379.060623529 894.000000000 370.631297372 17.605312524
item 34 0 0 869.000000000 379.060623529 895.000000000 370.294124326 17.605312524
jitter 34 0.054492420 0.047430693 -1.548077842
spot 35 system 1 779 366 26 20 396
meanheight 35 15.230769231
meandist 35 0.8879248912902207
structwidth 35 19.000000000
reject 35 too narrow width
spot 36 system 1 2037 368 9 9 61
reject 36 too narrow
spot 37 system 1 1575 370 26 20 397
meanheight 37 15.269230769
meandist 37 1.0560240973744546
structwidth 37 19.000000000
reject 37 too narrow width
spot 38 system 1 1728 370 26 21 402
meanheight 38 15.461538462
meandist 38 null
reject 38 wavy or inconsistent borders
spot 39 system 1 1995 373 26 21 393
meanheight 39 15.115384615
meandist 39 null
reject 39 wavy or inconsistent borders
spot 40 system 1 2096 374 26 20 401
meanheight 40 15.423076923
meandist 40 1.0317423034825108
structwidth 40 20.000000000
reject 40 too narrow width
spot 41 system 1 2143 374 26 21 400
meanheight 41 15.384615385
meandist 41 0.8265610245715509
structwidth 41 17.000000000
reject 41 too narrow width
spot 42 system 1 1020 376 25 25 456
meanheight 42 18.240000000
reject 42 too steep
spot 43 system 1 1211 378 26 24 447
meanheight 43 17.192307692
meandist 43 null
reject 43 wavy or inconsistent borders
spot 44 system 1 1316 378 26 25 467
meanheight 44 17.961538462
reject 44 too steep
spot 45 system 1 1486 379 26 25 462
meanheight 45 17.769230769
reject 45 too steep
spot 46 system 1 1908 381 26 25 479
meanheight 46 18.423076923
meandist 46 null
reject 46 wavy or inconsistent borders
spot 47 system 1 394 383 25 20 381
meanheight 47 15.240000000
meandist 47 0.9593937747893659
structwidth 47 18.000000000
reject 47 too narrow width
spot 48 system 1 2184 383 25 25 471
meanheight 48 18.840000000
reject 48 too steep
spot 49 system 1 1252 384 10 9 70
reject 49 too narrow
spot 50 system 1 1081 385 12 12 114
reject 50 too narrow
spot 51 system 1 1788 387 9 9 61
reject 51 too narrow
spot 52 system 1 1838 388 9 10 70
reject 52 too narrow
spot 53 system 1 1860 393 27 20 396
meanheight 53 14.666666667
meandist 53 0.7900663389208032
structwidth 53 18.000000000
reject 53 too narrow width
spot 54 system 1 2272 396 25 21 388
meanheight 54 15.520000000
meandist 54 0.8579782299046328
structwidth 54 18.000000000
reject 54 too narrow width
spot 55 system 1 1117 398 26 24 480
meanheight 55 18.461538462
meandist 55 1.1930332253167806
structwidth 55 17.000000000
reject 55 too narrow width
spot 56 system 1 1838 411 9 9 61
reject 56 too narrow
spot 57 system 1 649 425 25 16 365
meanheight 57 14.600000000
meandist 57 0.39739741033486065
structwidth 57 23.000000000
slopegap 57 0.000000000
section 57 0 649 428 1 10 649.500000000 432.946393281 true
polygon 57 0 649 428 1 10 649,428 650,428 650,438 649,438 649,428
section 57 1 650 425 23 16 661.500000000 433.319911067 true
polygon 57 1 650 425 23 16 650,426 652,426 652,425 659,425 659,426 671,426 671,427 673,427 673,440 671,440 671,441 652,441 652,440 650,440 650,426
section 57 2 673 429 1 9 673.500000000 433.693428854 true
polygon 57 2 673 429 1 9 673,429 674,429 674,438 673,438 673,429
line 57 0 649.000000000 432.930830040 673.000000000 433.677865613 15.043478261
item 57 0 0 649.000000000 432.930830040 674.000000000 433.708992095 15.043478261
jitter 57 0.014504993 0.011741741 0.343831648
spot 58 system 1 754 427 27 15 358
meanheight 58 13.259259259
meandist 58 0.3330520325266371
structwidth 58 23.000000000
slopegap 58 0.000000000
section 58 0 754 430 1 4 754.500000000 434.165513834 false
polygon 58 0 754 430 1 4 754,430 755,430 755,434 754,434 754,430
section 58 1 755 428 2 11 756.000000000 434.229249012 true
polygon 58 1 755 428 2 11 755,428 757,428 757,439 756,439 756,437 755,437 755,428
section 58 2 757 427 23 15 768.500000000 434.760375494 true
polygon 58 2 757 427 23 15 757,427 767,427 767,428 778,428 778,429 780,429 780,441 778,441 778,442 759,442 759,441 757,441 757,427
section 58 3 780 431 1 8 780.500000000 435.270256917 true
polygon 58 3 780 431 1 8 780,431 781,431 781,439 780,439 780,431
line 58 0 754.000000000 434.144268775 780.000000000 435.249011858 14.173913043
item 58 0 0 755.000000000 434.186758893 781.000000000 435.291501976 14.173913043
jitter 58 0.013729294 0.022856407 0.085357481
spot 59 system 1 1362 428 24 13 272
meanheight 59 11.333333333
meandist 59 0.4999676369005966
structwidth 59 22.000000000
slopegap 59 0.000000000
section 59 0 1362 431 1 6 1362.500000000 434.054488989 true
polygon 59 0 1362 431 1 6 1362,431 1363,431 1363,437 1362,437 1362,431
section 59 1 1363 428 22 13 1374.000000000 434.710333145 true
polygon 59 1 1363 428 22 13 1363,429 1365,429 1365,428 1372,428 1372,429 1383,429 1383,430 1385,430 1385,440 1383,440 1383,441 1368,441 1368,440 1365,440 1365,439 1363,439 1363,429
section 59 2 1385 432 1 6 1385.500000000 435.366177301 true
polygon 59 2 1385 432 1 6 1385,432 1386,432 1386,438 1385,438 1385,432
line 59 0 1362.000000000 434.025974026 1385.000000000 435.337662338 11.818181818
item 59 0 0 1362.000000000 434.025974026 1386.000000000 435.394692264 11.818181818
jitter 59 0.015369187 0.020089609 0.113530105
spot 60 system 1 578 429 26 12 289
meanheight 60 11.115384615
meandist 60 0.4387127869139504
structwidth 60 24.000000000
slopegap 60 0.000000000
section 60 0 578 432 1 6 578.500000000 434.932101449 true
polygon 60 0 578 432 1 6 578,432 579,432 579,438 578,438 578,432
section 60 1 579 429 24 12 591.000000000 435.046231884 true
polygon 60 1 579 429 24 12 579,430 581,430 581,429 600,429 600,430 602,430 602,431 603,431 603,440 601,440 601,441 581,441 581,440 579,440 579,430
section 60 2 603 433 1 5 603.500000000 435.160362319 true
polygon 60 2 603 433 1 5 603,433 604,433 604,438 603,438 603,433
line 60 0 578.000000000 434.927536232 603.000000000 435.155797101 11.583333333
item 60 0 0 578.000000000 434.927536232 604.000000000 435.164927536 11.583333333
jitter 60 0.012936054 0.011056915 0.400175768
spot 61 system 1 1463 434 25 13 285
meanheight 61 11.400000000
meandist 61 0.5943098551373474
structwidth 61 23.000000000
slopegap 61 0.000000000
section 61 0 1463 438 1 5 1463.500000000 439.976284585 true
polygon 61 0 1463 438 1 5 1463,438 1464,438 1464,443 1463,443 1463,438
section 61 1 1464 434 23 13 1475.500000000 440.545454545 true
polygon 61 1 1464 434 23 13 1464,436 1465,436 1465,435 1467,435 1467,434 1480,434 1480,435 1485,435 1485,436 1487,436 1487,446 1485,446 1485,447 1472,447 1472,446 1466,446 1466,445 1464,445 1464,436
section 61 2 1487 438 1 6 1487.500000000 441.114624506 true
polygon 61 2 1487 438 1 6 1487,438 1488,438 1488,444 1487,444 1487,438
line 61 0 1463.000000000 439.952569170 1487.000000000 441.090909091 11.913043478
item 61 0 0 1463.000000000 439.952569170 1488.000000000 441.138339921 11.913043478
jitter 61 0.020373338 0.017475845 0.053770411
spot 62 system 1 1728 437 15 14 136
reject 62 too narrow
spot 63 system 1 1293 442 25 13 291
meanheight 63 11.640000000
meandist 63 0.525712146788879
structwidth 63 23.000000000
slopegap 63 0.000000000
section 63 0 1293 446 1 5 1293.500000000 448.861413043 true
polygon 63 0 1293 446 1 5 1293,446 1294,446 1294,451 1293,451 1293,446
section 63 1 1294 442 23 13 1305.500000000 448.665760870 true
polygon 63 1 1294 442 23 13 1294,444 1296,444 1296,443 1301,443 1301,442 1305,442 1305,443 1308,443 1308,442 1315,442 1315,443 1317,443 1317,454 1315,454 1315,455 1297,455 1297,454 1295,454 1295,453 1294,453 1294,444
section 63 2 1317 445 1 7 1317.500000000 448.470108696 true
polygon 63 2 1317 445 1 7 1317,445 1318,445 1318,452 1317,452 1317,445
line 63 0 1293.000000000 448.869565217 1317.000000000 448.478260870 12.130434783
item 63 0 0 1293.000000000 448.869565217 1318.000000000 448.461956522 12.130434783
jitter 63 0.019385829 0.013706854 0.172682922
spot 64 system 1 647 445 133 15 1537
meanheight 64 11.556390977
meandist 64 0.33725634751962347
structwidth 64 131.000000000
slopegap 64 0.000000000
section 64 0 647 448 1 5 647.500000000 450.836272887 true
polygon 64 0 647 448 1 5 647,448 648,448 648,453 647,453 647,448
section 64 1 648 445 131 15 713.500000000 452.570389153 true
polygon 64 1 648 445 131 15 648,446 650,446 650,445 669,445 669,446 700,446 700,447 745,447 745,448 777,448 777,449 779,449 779,459 777,459 777,460 757,460 757,459 715,459 715,458 678,458 678,457 651,457 651,456 649,456 649,455 648,455 648,446
section 64 2 779 451 1 6 779.500000000 454.304505418 true
polygon 64 2 779 451 1 6 779,451 780,451 780,457 779,457 779,451
line 64 0 647.000000000 450.823135643 779.000000000 454.291368174 11.648854962
item 64 0 0 647.000000000 450.823135643 780.000000000 454.317642663 11.648854962
jitter 64 0.002330284 0.002309360 0.884008893
spot 65 system 1 2073 445 25 12 277
meanheight 65 11.080000000
meandist 65 0.4456840657940586
structwidth 65 23.000000000
slopegap 65 0.000000000
section 65 0 2073 448 1 5 2073.500000000 450.842885375 true
polygon 65 0 2073 448 1 5 2073,448 2074,448 2074,453 2073,453 2073,448
section 65 1 2074 445 23 12 2085.500000000 450.961462451 true
polygon 65 1 2074 445 23 12 2074,446 2076,446 2076,445 2095,445 2095,446 2097,446 2097,456 2095,456 2095,457 2077,457 2077,456 2075,456 2075,455 2074,455 2074,446
section 65 2 2097 448 1 6 2097.500000000 451.080039526 true
polygon 65 2 2097 448 1 6 2097,448 2098,448 2098,454 2097,454 2097,448
line 65 0 2073.000000000 450.837944664 2097.000000000 451.075098814 11.565217391
item 65 0 0 2073.000000000 450.837944664 2098.000000000 451.084980237 11.565217391
jitter 65 0.011741741 0.013706854 0.363785116
spot 66 system 1 2142 448 19 16 267
reject 66 too narrow
spot 67 system 1 497 449 106 13 1217
meanheight 67 11.481132075
meandist 67 0.31299628706456883
structwidth 67 104.000000000
slopegap 67 0.000000000
section 67 0 497 453 1 6 497.500000000 456.231429372 true
polygon 67 0 497 453 1 6 497,453 498,453 498,459 497,459 497,453
section 67 1 498 449 104 13 550.000000000 455.585191508 true
polygon 67 1 498 449 104 13 498,451 500,451 500,450 577,450 577,449 600,449 600,450 602,450 602,460 600,460 600,461 542,461 542,462 500,462 500,461 498,461 498,451
section 67 2 602 452 1 6 602.500000000 454.938953643 true
polygon 67 2 602 452 1 6 602,452 603,452 603,458 602,458 602,452
line 67 0 497.000000000 456.237584018 602.000000000 454.945108290 11.586538462
item 67 0 0 497.000000000 456.237584018 603.000000000 454.932798997 11.586538462
jitter 67 0.002855682 0.002694481 0.861245928
spot 68 system 1 1361 449 127 19 1490
meanheight 68 11.732283465
meandist 68 0.3586539364786046
structwidth 68 124.000000000
slopegap 68 0.000000000
section 68 0 1361 453 1 3 1361.500000000 454.530832415 true
polygon 68 0 1361 453 1 3 1361,453 1362,453 1362,456 1361,456 1361,453
section 68 1 1362 451 1 7 1362.500000000 454.592298977 true
polygon 68 1 1362 451 1 7 1362,451 1363,451 1363,458 1362,458 1362,451
section 68 2 1363 449 124 19 1425.000000000 458.433959087 true
polygon 68 2 1363 449 124 19 1363,450 1365,450 1365,449 1379,449 1379,450 1392,450 1392,451 1412,451 1412,452 1425,452 1425,453 1440,453 1440,454 1455,454 1455,455 1481,455 1481,456 1485,456 1485,457 1487,457 1487,467 1485,467 1485,468 1475,468 1475,467 1459,467 1459,466 1444,466 1444,465 1426,465 1426,464 1409,464 1409,463 1398,463 1398,462 1379,462 1379,461 1365,461 1365,460 1363,460 1363,450
section 68 3 1487 459 1 6 1487.500000000 462.275619197 true
polygon 68 3 1487 459 1 6 1487,459 1488,459 1488,465 1487,465 1487,459
line 68 0 1361.000000000 454.500099135 1487.000000000 462.244885917 11.887096774
item 68 0 0 1361.000000000 454.500099135 1488.000000000 462.306352478 11.887096774
jitter 68 0.002975011 0.002499518 0.863136787
spot 69 system 1 2251 453 23 13 269
meanheight 69 11.695652174
meandist 69 0.44370756835527364
structwidth 69 21.000000000
slopegap 69 0.000000000
section 69 0 2251 456 1 6 2251.500000000 458.917532468 true
polygon 69 0 2251 456 1 6 2251,456 2252,456 2252,462 2251,462 2251,456
section 69 1 2252 453 21 13 2262.500000000 459.303246753 true
polygon 69 1 2252 453 21 13 2252,454 2254,454 2254,453 2271,453 2271,454 2273,454 2273,465 2271,465 2271,466 2261,466 2261,465 2254,465 2254,464 2252,464 2252,454
section 69 2 2273 456 1 7 2273.500000000 459.688961039 true
polygon 69 2 2273 456 1 7 2273,456 2274,456 2274,463 2273,463 2273,456
line 69 0 2251.000000000 458.900000000 2273.000000000 459.671428571 12.190476190
item 69 0 0 2251.000000000 458.900000000 2274.000000000 459.706493506 12.190476190
jitter 69 0.013343139 0.018176126 0.212018371
spot 70 system 1 393 456 14 14 129
reject 70 too narrow
spot 71 system 1 1020 457 10 10 74
reject 71 too narrow
spot 72 system 1 1860 461 50 13 578
meanheight 72 11.560000000
meandist 72 0.37033537101723696
structwidth 72 48.000000000
slopegap 72 0.000000000
section 72 0 1860 465 1 6 1860.500000000 468.174799175 true
polygon 72 0 1860 465 1 6 1860,465 1861,465 1861,471 1860,471 1860,465
section 72 1 1861 461 48 13 1885.000000000 467.422139601 true
polygon 72 1 1861 461 48 13 1861,463 1863,463 1863,462 1883,462 1883,461 1907,461 1907,462 1909,462 1909,472 1907,472 1907,473 1881,473 1881,474 1863,474 1863,473 1861,473 1861,463
section 72 2 1909 464 1 6 1909.500000000 466.669480026 true
polygon 72 2 1909 464 1 6 1909,464 1910,464 1910,470 1909,470 1909,464
line 72 0 1860.000000000 468.190159574 1909.000000000 466.684840426 11.791666667
item 72 0 0 1860.000000000 468.190159574 1910.000000000 466.654119627 11.791666667
jitter 72 0.006590961 0.006323045 0.677149854
spot 73 system 1 1210 463 108 12 1273
meanheight 73 11.787037037
meandist 73 0.22875039216639018
structwidth 73 106.000000000
slopegap 73 0.000000000
section 73 0 1210 466 1 5 1210.500000000 468.963062700 true
polygon 73 0 1210 466 1 5 1210,466 1211,466 1211,471 1210,471 1210,466
section 73 1 1211 463 106 12 1264.000000000 468.990825503 true
polygon 73 1 1211 463 106 12 1211,464 1213,464 1213,463 1315,463 1315,464 1317,464 1317,474 1315,474 1315,475 1214,475 1214,474 1212,474 1212,473 1211,473 1211,464
section 73 2 1317 466 1 6 1317.500000000 469.018588306 true
polygon 73 2 1317 466 1 6 1317,466 1318,466 1318,472 1317,472 1317,466
line 73 0 1210.000000000 468.962803235 1317.000000000 469.018328841 11.905660377
item 73 0 0 1210.000000000 468.962803235 1318.000000000 469.018847772 11.905660377
jitter 73 0.001271622 0.001542505 0.929646816
spot 74 system 1 1994 466 103 12 1216
meanheight 74 11.805825243
meandist 74 0.1950268870388215
structwidth 74 101.000000000
slopegap 74 0.000000000
section 74 0 1994 469 1 6 1994.500000000 472.000000000 true
polygon 74 0 1994 469 1 6 1994,469 1995,469 1995,475 1994,475 1994,469
section 74 1 1995 466 101 12 2045.500000000 472.000000000 true
polygon 74 1 1995 466 101 12 1995,467 1997,467 1997,466 2094,466 2094,467 2096,467 2096,477 2094,477 2094,478 1997,478 1997,477 1995,477 1995,467
section 74 2 2096 469 1 6 2096.500000000 472.000000000 true
polygon 74 2 2096 469 1 6 2096,469 2097,469 2097,475 2096,475 2096,469
line 74 0 1994.000000000 472.000000000 2096.000000000 472.000000000 11.920792079
item 74 0 0 1994.000000000 472.000000000 2097.000000000 472.000000000 11.920792079
jitter 74 0.001365930 0.001365930 0.931703500
spot 75 system 1 2141 470 132 16 1562
meanheight 75 11.833333333
meandist 75 0.32057871195655874
structwidth 75 127.000000000
slopegap 75 0.000000000
section 75 0 2141 474 1 5 2141.500000000 476.503844734 true
polygon 75 0 2141 474 1 5 2141,474 2142,474 2142,479 2141,479 2141,474
section 75 1 2142 471 3 11 2143.500000000 476.563761073 true
polygon 75 1 2142 471 3 11 2142,472 2143,472 2143,471 2145,471 2145,482 2143,482 2143,481 2142,481 2142,472
section 75 2 2145 470 127 16 2208.500000000 478.511042077 true
polygon 75 2 2145 470 127 16 2145,470 2148,470 2148,471 2174,471 2174,472 2182,472 2182,471 2186,471 2186,472 2206,472 2206,473 2239,473 2239,474 2270,474 2270,475 2272,475 2272,485 2270,485 2270,486 2241,486 2241,485 2210,485 2210,484 2175,484 2175,483 2145,483 2145,470
section 75 3 2272 477 1 6 2272.500000000 480.428364911 true
polygon 75 3 2272 477 1 6 2272,477 2273,477 2273,483 2272,483 2272,477
line 75 0 2141.000000000 476.488865650 2272.000000000 480.413385827 11.968503937
item 75 0 0 2141.000000000 476.488865650 2273.000000000 480.443343996 11.968503937
jitter 75 0.002461247 0.002314661 0.880602295
spot 76 system 1 1859 481 50 12 524
meanheight 76 10.480000000
meandist 76 0.3663763059145482
structwidth 76 48.000000000
slopegap 76 0.000000000
section 76 0 1859 485 1 5 1859.500000000 487.810202272 true
polygon 76 0 1859 485 1 5 1859,485 1860,485 1860,490 1859,490 1859,485
section 76 1 1860 481 48 12 1884.000000000 487.089457592 true
polygon 76 1 1860 481 48 12 1860,483 1862,483 1862,482 1892,482 1892,481 1906,481 1906,482 1908,482 1908,491 1906,491 1906,492 1886,492 1886,493 1862,493 1862,492 1860,492 1860,483
section 76 2 1908 484 1 5 1908.500000000 486.368712911 true
polygon 76 2 1908 484 1 5 1908,484 1909,484 1909,489 1908,489 1908,484
line 76 0 1859.000000000 487.824911348 1908.000000000 486.383421986 10.708333333
item 76 0 0 1859.000000000 487.824911348 1909.000000000 486.354003836 10.708333333
jitter 76 0.006362131 0.006590961 0.676172708
spot 77 system 1 498 555 26 22 423
meanheight 77 16.269230769
meandist 77 1.0342647458457026
structwidth 77 18.000000000
reject 77 too narrow width
spot 78 system 1 1575 559 26 23 399
meanheight 78 15.346153846
meandist 78 null
reject 78 wavy or inconsistent borders
spot 79 system 1 1729 560 26 24 453
meanheight 79 17.423076923
meandist 79 1.3137818794603389
structwidth 79 19.000000000
reject 79 too narrow width
spot 80 system 1 2142 565 26 22 424
meanheight 80 16.307692308
meandist 80 0.8905343187982887
structwidth 80 18.000000000
reject 80 too narrow width
spot 81 system 1 869 567 26 20 380
meanheight 81 14.615384615
meandist 81 1.0683148623942218
structwidth 81 21.000000000
slopegap 81 0.000000000
section 81 0 869 579 1 3 869.500000000 580.980588450 true
polygon 81 0 869 579 1 3 869,579 870,579 870,582 869,582 869,579
section 81 1 870 577 1 7 870.500000000 580.653636696 true
polygon 81 1 870 577 1 7 870,577 871,577 871,584 870,584 870,577
section 81 2 871 574 2 11 872.000000000 580.163209064 true
polygon 81 2 871 574 2 11 871,576 872,576 872,574 873,574 873,585 871,585 871,576
section 81 3 873 567 18 20 882.000000000 576.893691520 true
polygon 81 3 873 567 18 20 873,573 874,573 874,572 875,572 875,571 877,571 877,570 878,570 878,569 880,569 880,568 882,568 882,567 890,567 890,568 891,568 891,582 890,582 890,583 889,583 889,584 888,584 888,585 886,585 886,586 883,586 883,587 875,587 875,586 873,586 873,573
section 81 4 891 568 3 13 892.500000000 573.460698099 true
polygon 81 4 891 568 3 13 891,568 892,568 892,569 893,569 893,570 894,570 894,580 892,580 892,581 891,581 891,568
section 81 5 894 572 1 6 894.500000000 572.806794591 true
polygon 81 5 894 572 1 6 894,572 895,572 895,578 894,578 894,572
line 81 0 869.000000000 581.144064327 894.000000000 572.970270468 16.961758563
item 81 0 0 869.000000000 581.144064327 895.000000000 572.643318713 16.961758563
jitter 81 0.055670814 0.055414871 -1.777142134
spot 82 system 1 1211 569 26 20 384
meanheight 82 14.769230769
meandist 82 1.0537877712216897
structwidth 82 21.000000000
slopegap 82 0.000000000
section 82 0 1211 580 1 4 1211.500000000 582.714422799 true
polygon 82 0 1211 580 1 4 1211,580 1212,580 1212,584 1211,584 1211,580
section 82 1 1212 576 3 11 1213.500000000 582.061695527 true
polygon 82 1 1212 576 3 11 1212,578 1213,578 1213,577 1214,577 1214,576 1215,576 1215,587 1213,587 1213,586 1212,586 1212,578
section 82 2 1215 569 18 20 1224.000000000 578.634877345 true
polygon 82 2 1215 569 18 20 1215,575 1216,575 1216,574 1217,574 1217,573 1218,573 1218,572 1219,572 1219,571 1221,571 1221,570 1223,570 1223,569 1232,569 1232,570 1233,570 1233,584 1232,584 1232,585 1231,585 1231,586 1229,586 1229,587 1227,587 1227,588 1224,588 1224,589 1217,589 1217,588 1215,588 1215,575
section 82 3 1233 570 3 13 1234.500000000 575.208059163 true
polygon 82 3 1233 570 3 13 1233,570 1234,570 1234,571 1235,571 1235,572 1236,572 1236,582 1234,582 1234,583 1233,583 1233,570
section 82 4 1236 574 1 6 1236.500000000 574.555331890 true
polygon 82 4 1236 574 1 6 1236,574 1237,574 1237,580 1236,580 1236,574
line 82 0 1211.000000000 582.877604618 1236.000000000 574.718513709 17.192496392
item 82 0 0 1211.000000000 582.877604618 1237.000000000 574.392150072 17.192496392
jitter 82 0.057309834 0.051683428 -1.724831557
spot 83 system 1 544 574 26 23 437
meanheight 83 16.807692308
meandist 83 0.8306715510552243
structwidth 83 17.000000000
reject 83 too narrow width
spot 84 system 1 912 578 25 22 417
meanheight 84 16.680000000
meandist 84 null
reject 84 wavy or inconsistent borders
spot 85 system 1 1259 580 26 22 416
meanheight 85 16.000000000
meandist 85 0.8346970271647447
structwidth 85 16.000000000
reject 85 too narrow width
spot 86 system 1 1619 581 24 24 398
meanheight 86 16.583333333
meandist 86 null
reject 86 wavy or inconsistent borders
spot 87 system 1 2224 585 26 24 446
meanheight 87 17.153846154
meandist 87 0.7890271258201134
structwidth 87 16.000000000
reject 87 too narrow width
spot 88 system 1 602 586 27 20 403
meanheight 88 14.925925926
meandist 88 1.0897177608499566
structwidth 88 22.000000000
slopegap 88 0.000000000
section 88 0 602 596 1 5 602.500000000 600.746606458 true
polygon 88 0 602 596 1 5 602,596 603,596 603,601 602,601 602,596
section 88 1 603 593 3 11 604.500000000 600.076980530 true
polygon 88 1 603 593 3 11 603,594 605,594 605,593 606,593 606,604 605,604 605,603 603,603 603,594
section 88 2 606 586 19 20 615.500000000 596.394037925 true
polygon 88 2 606 586 19 20 606,591 607,591 607,590 609,590 609,589 610,589 610,588 612,588 612,587 615,587 615,586 625,586 625,601 624,601 624,602 623,602 623,603 621,603 621,604 619,604 619,605 616,605 616,606 609,606 609,605 607,605 607,604 606,604 606,591
section 88 3 625 587 2 13 626.000000000 592.878501802 true
polygon 88 3 625 587 2 13 625,587 627,587 627,598 626,598 626,600 625,600 625,587
section 88 4 627 588 1 9 627.500000000 592.376282356 true
polygon 88 4 627 588 1 9 627,588 628,588 628,597 627,597 627,588
section 88 5 628 590 1 5 628.500000000 592.041469392 true
polygon 88 5 628 590 1 5 628,590 629,590 629,595 628,595 628,590
line 88 0 602.000000000 600.914012940 628.000000000 592.208875874 17.945509525
item 88 0 0 602.000000000 600.914012940 629.000000000 591.874062910 17.945509525
jitter 88 0.048607553 0.058973269 -1.689520547
spot 89 system 1 738 586 26 20 388
meanheight 89 14.923076923
meandist 89 0.9947065968363166
structwidth 89 21.000000000
slopegap 89 0.000000000
section 89 0 738 597 1 4 738.500000000 599.433064147 true
polygon 89 0 738 597 1 4 738,597 739,597 739,601 738,601 738,597
section 89 1 739 593 3 11 740.500000000 598.798028262 true
polygon 89 1 739 593 3 11 739,595 740,595 740,594 741,594 741,593 742,593 742,604 740,604 740,603 739,603 739,595
section 89 2 742 586 18 20 751.000000000 595.464089865 true
polygon 89 2 742 586 18 20 742,591 743,591 743,590 744,590 744,589 746,589 746,588 748,588 748,587 750,587 750,586 759,586 759,587 760,587 760,601 759,601 759,602 758,602 758,603 756,603 756,604 754,604 754,605 752,605 752,606 744,606 744,605 742,605 742,591
section 89 3 760 587 3 13 761.500000000 592.130151468 true
polygon 89 3 760 587 3 13 760,587 761,587 761,588 762,588 762,589 763,589 763,599 761,599 761,600 760,600 760,587
section 89 4 763 591 1 6 763.500000000 591.495115583 true
polygon 89 4 763 591 1 6 763,591 764,591 764,597 763,597 763,591
line 89 0 738.000000000 599.591823118 763.000000000 591.653874554 17.611618060
item 89 0 0 738.000000000 599.591823118 764.000000000 591.336356611 17.611618060
jitter 89 0.056089476 0.053458587 -1.738701569
spot 90 system 1 971 589 25 20 382
meanheight 90 15.280000000
meandist 90 0.9045695495933823
structwidth 90 18.000000000
reject 90 too narrow width
spot 91 system 1 1081 589 26 20 391
meanheight 91 15.038461538
meandist 91 0.9216949866949075
structwidth 91 19.000000000
reject 91 too narrow width
spot 92 system 1 1317 591 26 20 383
meanheight 92 14.730769231
meandist 92 null
reject 92 wavy or inconsistent borders
spot 93 system 1 1447 591 26 21 402
meanheight 93 15.461538462
meandist 93 null
reject 93 wavy or inconsistent borders
spot 94 system 1 1685 593 26 19 376
meanheight 94 14.461538462
meandist 94 0.959665480051707
structwidth 94 19.000000000
reject 94 too narrow width
spot 95 system 1 1020 598 26 24 448
meanheight 95 17.230769231
meandist 95 null
reject 95 wavy or inconsistent borders
spot 96 system 1 1363 600 26 24 450
meanheight 96 17.307692308
meandist 96 null
reject 96 wavy or inconsistent borders
spot 97 system 1 650 607 26 20 392
meanheight 97 15.076923077
meandist 97 0.8114757301317836
structwidth 97 18.000000000
reject 97 too narrow width
spot 98 system 1 2056 616 26 20 384
meanheight 98 14.769230769
meandist 98 null
reject 98 wavy or inconsistent borders
spot 99 system 1 392 619 12 13 117
reject 99 too narrow
spot 100 system 1 1788 630 9 9 61
reject 100 too narrow
spot 101 system 1 1859 630 12 13 120
reject 101 too narrow
spot 102 system 1 1728 636 12 13 118
reject 102 too narrow
spot 103 system 1 1995 638 25 20 386
meanheight 103 15.440000000
meandist 103 0.8429903538673952
structwidth 103 18.000000000
reject 103 too narrow width
spot 104 system 1 1574 644 22 16 306
meanheight 104 13.909090909
meandist 104 0.5898575485222033
structwidth 104 19.000000000
reject 104 too narrow width
spot 105 system 1 497 646 23 15 292
meanheight 105 12.695652174
meandist 105 0.3934368208332378
structwidth 105 20.000000000
reject 105 too narrow width
spot 106 system 1 581 650 23 12 256
meanheight 106 11.130434783
meandist 106 0.39267672617938604
structwidth 106 21.000000000
slopegap 106 0.000000000
section 106 0 581 653 1 6 581.500000000 656.000000000 true
polygon 106 0 581 653 1 6 581,653 582,653 582,659 581,659 581,653
section 106 1 582 650 21 12 592.500000000 656.000000000 true
polygon 106 1 582 650 21 12 582,651 584,651 584,650 601,650 601,651 603,651 603,661 601,661 601,662 584,662 584,661 582,661 582,651
section 106 2 603 653 1 6 603.500000000 656.000000000 true
polygon 106 2 603 653 1 6 603,653 604,653 604,659 603,659 603,653
line 106 0 581.000000000 656.000000000 603.000000000 656.000000000 11.619047619
item 106 0 0 581.000000000 656.000000000 604.000000000 656.000000000 11.619047619
jitter 106 0.013343139 0.013343139 0.332843033
spot 107 system 1 868 650 22 13 254
meanheight 107 11.545454545
meandist 107 0.2451041882162195
structwidth 107 16.000000000
reject 107 too narrow width
spot 108 system 1 1665 650 22 12 239
meanheight 108 10.863636364
meandist 108 0.2669652596387688
structwidth 108 17.000000000
reject 108 too narrow width
spot 109 system 1 950 651 23 13 269
meanheight 109 11.695652174
meandist 109 0.44370756825398355
structwidth 109 21.000000000
slopegap 109 0.000000000
section 109 0 950 654 1 7 950.500000000 657.346103896 true
polygon 109 0 950 654 1 7 950,654 951,654 951,661 950,661 950,654
section 109 1 951 651 21 13 961.500000000 657.731818182 true
polygon 109 1 951 651 21 13 951,652 953,652 953,651 963,651 963,652 970,652 970,653 972,653 972,663 970,663 970,664 953,664 953,663 951,663 951,652
section 109 2 972 655 1 6 972.500000000 658.117532468 true
polygon 109 2 972 655 1 6 972,655 973,655 973,661 972,661 972,655
line 109 0 950.000000000 657.328571429 972.000000000 658.100000000 12.190476190
item 109 0 0 950.000000000 657.328571429 973.000000000 658.135064935 12.190476190
jitter 109 0.018176126 0.013343139 0.212018371
spot 110 system 1 1788 651 9 9 61
reject 110 too narrow
spot 111 system 1 1211 652 22 14 267
meanheight 111 12.136363636
meandist 111 0.36972807432949284
structwidth 111 19.000000000
reject 111 too narrow width
spot 112 system 1 1296 654 22 13 266
meanheight 112 12.090909091
meandist 112 0.3999999999534339
structwidth 112 20.000000000
reject 112 too narrow width
spot 113 system 1 1574 666 113 17 1456
meanheight 113 12.884955752
meandist 113 0.6268311128041486
structwidth 113 109.000000000
slopegap 113 0.000000000
section 113 0 1574 669 1 9 1574.500000000 673.232654527 true
polygon 113 0 1574 669 1 9 1574,669 1575,669 1575,678 1574,678 1574,669
section 113 1 1575 666 109 17 1629.500000000 675.585610694 true
polygon 113 1 1575 666 109 17 1575,667 1577,667 1577,666 1609,666 1609,667 1611,667 1611,669 1612,669 1612,670 1616,670 1616,669 1618,669 1618,668 1621,668 1621,669 1623,669 1623,670 1637,670 1637,671 1684,671 1684,683 1651,683 1651,682 1648,682 1648,683 1643,683 1643,682 1602,682 1602,681 1577,681 1577,680 1575,680 1575,667
section 113 2 1684 672 2 10 1685.000000000 677.959957372 true
polygon 113 2 1684 672 2 10 1684,672 1686,672 1686,682 1684,682 1684,672
section 113 3 1686 674 1 6 1686.500000000 678.024128904 true
polygon 113 3 1686 674 1 6 1686,674 1687,674 1687,680 1686,680 1686,674
line 113 0 1574.000000000 673.211264016 1686.000000000 678.002738393 13.036697248
item 113 0 0 1574.000000000 673.211264016 1687.000000000 678.045519414 13.036697248
jitter 113 0.008336518 0.002837822 0.720641506
spot 114 system 1 496 667 109 16 1403
meanheight 114 12.871559633
meandist 114 0.36850468487513127
structwidth 114 105.000000000
slopegap 114 0.000000000
section 114 0 496 670 1 7 496.500000000 674.375120948 true
polygon 114 0 496 670 1 7 496,670 497,670 497,677 496,677 496,670
section 114 1 497 667 105 16 549.500000000 675.678967102 true
polygon 114 1 497 667 105 16 497,668 499,668 499,667 508,667 508,668 530,668 530,669 557,669 557,670 593,670 593,671 601,671 601,672 602,672 602,683 575,683 575,682 500,682 500,681 498,681 498,679 497,679 497,668
section 114 2 602 672 2 10 603.000000000 676.995113691 true
polygon 114 2 602 672 2 10 602,672 603,672 603,674 604,674 604,682 602,682 602,672
section 114 3 604 676 1 4 604.500000000 677.032014998 true
polygon 114 3 604 676 1 4 604,676 605,676 605,680 604,680 604,676
line 114 0 496.000000000 674.362820513 604.000000000 677.019714562 13.085714286
item 114 0 0 496.000000000 674.362820513 605.000000000 677.044315433 13.085714286
jitter 114 0.003270110 0.002807382 0.848062683
spot 115 system 1 2141 668 84 14 983
meanheight 115 11.702380952
meandist 115 0.38566593947295713
structwidth 115 82.000000000
slopegap 115 0.000000000
section 115 0 2141 671 1 6 2141.500000000 673.924304263 true
polygon 115 0 2141 671 1 6 2141,671 2142,671 2142,677 2141,677 2141,671
section 115 1 2142 668 82 14 2183.000000000 674.914367497 true
polygon 115 1 2142 668 82 14 2142,669 2144,669 2144,668 2165,668 2165,669 2207,669 2207,670 2222,670 2222,671 2224,671 2224,680 2223,680 2223,681 2221,681 2221,682 2212,682 2212,681 2162,681 2162,680 2144,680 2144,679 2142,679 2142,669
section 115 2 2224 673 1 5 2224.500000000 675.904430731 true
polygon 115 2 2224 673 1 5 2224,673 2225,673 2225,678 2224,678 2224,673
line 115 0 2141.000000000 673.912375790 2224.000000000 675.892502258 11.853658537
item 115 0 0 2141.000000000 673.912375790 2225.000000000 675.916359204 11.853658537
jitter 115 0.003946719 0.004128406 0.798121879
spot 116 system 1 868 669 105 17 1517
meanheight 116 14.447619048
meandist 116 0.3082212814301377
structwidth 116 100.000000000
slopegap 116 0.000000000
section 116 0 868 672 1 6 868.500000000 677.112191719 true
polygon 116 0 868 672 1 6 868,672 869,672 869,678 868,678 868,672
section 116 1 869 670 2 12 870.000000000 677.127272727 true
polygon 116 1 869 670 2 12 869,670 871,670 871,682 870,682 870,680 869,680 869,670
section 116 2 871 669 100 17 921.000000000 677.640027003 true
polygon 116 2 871 669 100 17 871,669 879,669 879,670 934,670 934,671 943,671 943,670 947,670 947,671 969,671 969,672 971,672 971,684 969,684 969,685 958,685 958,686 954,686 954,685 873,685 873,684 871,684 871,669
section 116 3 971 673 1 10 971.500000000 678.147754275 true
polygon 116 3 971 673 1 10 971,673 972,673 972,683 971,683 971,673
section 116 4 972 675 1 6 972.500000000 678.157808281 true
polygon 116 4 972 675 1 6 972,675 973,675 973,681 972,681 972,675
line 116 0 868.000000000 677.107164716 972.000000000 678.152781278 14.730000000
item 116 0 0 868.000000000 677.107164716 973.000000000 678.162835284 14.730000000
jitter 116 0.003259376 0.003782447 0.823954437
spot 117 system 1 1210 672 108 16 1506
meanheight 117 13.944444444
meandist 117 0.38277802796065147
structwidth 117 106.000000000
slopegap 117 0.000000000
section 117 0 1210 675 1 4 1210.500000000 679.700801068 false
polygon 117 0 1210 675 1 4 1210,675 1211,675 1211,679 1210,679 1210,675
section 117 1 1211 672 106 16 1264.000000000 680.507539613 true
polygon 117 1 1211 672 106 16 1211,673 1213,673 1213,672 1216,672 1216,673 1268,673 1268,674 1315,674 1315,675 1317,675 1317,687 1315,687 1315,688 1281,688 1281,687 1278,687 1278,688 1268,688 1268,687 1265,687 1265,688 1246,688 1246,687 1214,687 1214,686 1212,686 1212,684 1211,684 1211,673
section 117 2 1317 677 1 8 1317.500000000 681.314278157 true
polygon 117 2 1317 677 1 8 1317,677 1318,677 1318,685 1317,685 1317,677
line 117 0 1210.000000000 679.693261456 1317.000000000 681.306738544 14.094339623
item 117 0 0 1211.000000000 679.708340681 1318.000000000 681.321817770 14.094339623
jitter 117 0.002602738 0.003421319 0.849398583
spot 118 system 1 1019 679 63 14 732
meanheight 118 11.619047619
meandist 118 0.3273948584067821
structwidth 118 60.000000000
slopegap 118 0.000000000
section 118 0 1019 683 1 7 1019.500000000 686.588179587 true
polygon 118 0 1019 683 1 7 1019,683 1020,683 1020,690 1019,690 1019,683
section 118 1 1020 679 60 14 1050.000000000 685.625891451 true
polygon 118 1 1020 679 60 14 1020,681 1022,681 1022,680 1025,680 1025,681 1027,681 1027,680 1057,680 1057,679 1079,679 1079,680 1080,680 1080,690 1078,690 1078,691 1052,691 1052,692 1027,692 1027,693 1022,693 1022,692 1020,692 1020,681
section 118 2 1080 680 1 8 1080.500000000 684.663603316 true
polygon 118 2 1080 680 1 8 1080,680 1081,680 1081,688 1080,688 1080,680
section 118 3 1081 682 1 4 1081.500000000 684.632052885 true
polygon 118 3 1081 682 1 4 1081,682 1082,682 1082,686 1081,686 1081,682
line 118 0 1019.000000000 686.603954802 1081.000000000 684.647828100 11.883333333
item 118 0 0 1019.000000000 686.603954802 1082.000000000 684.616277670 11.883333333
jitter 118 0.005206505 0.005002502 0.744774826
spot 119 system 1 1362 680 86 15 1011
meanheight 119 11.755813953
meandist 119 0.3523163602478612
structwidth 119 84.000000000
slopegap 119 0.000000000
section 119 0 1362 686 1 6 1362.500000000 689.107589180 true
polygon 119 0 1362 686 1 6 1362,686 1363,686 1363,692 1362,692 1362,686
section 119 1 1363 680 84 15 1405.000000000 687.438699335 true
polygon 119 1 1363 680 84 15 1363,684 1365,684 1365,683 1376,683 1376,682 1406,682 1406,681 1430,681 1430,680 1445,680 1445,681 1447,681 1447,691 1445,691 1445,692 1429,692 1429,693 1405,693 1405,694 1377,694 1377,695 1365,695 1365,694 1363,694 1363,684
section 119 2 1447 683 1 6 1447.500000000 685.769809490 true
polygon 119 2 1447 683 1 6 1447,683 1448,683 1448,689 1447,689 1447,683
line 119 0 1362.000000000 689.127223178 1447.000000000 685.789443488 11.892857143
item 119 0 0 1362.000000000 689.127223178 1448.000000000 685.750175492 11.892857143
jitter 119 0.003827690 0.003684284 0.812200633
spot 120 system 1 649 681 91 17 1167
meanheight 120 12.824175824
meandist 120 0.7392863129698103
structwidth 120 87.000000000
slopegap 120 0.000000000
section 120 0 649 689 1 6 649.500000000 692.283598819 true
polygon 120 0 649 689 1 6 649,689 650,689 650,695 649,695 649,689
section 120 1 650 684 32 14 666.000000000 691.123113655 true
polygon 120 1 650 684 32 14 650,687 652,687 652,686 667,686 667,685 681,685 681,684 682,684 682,697 669,697 669,698 652,698 652,697 650,697 650,687
section 120 2 682 681 55 16 709.500000000 688.063652767 true
polygon 120 2 682 681 55 16 682,682 684,682 684,681 737,681 737,693 728,693 728,694 712,694 712,695 699,695 699,696 683,696 683,697 682,697 682,682
section 120 3 737 682 2 10 738.000000000 686.059178392 true
polygon 120 3 737 682 2 10 737,682 739,682 739,692 737,692 737,682
section 120 4 739 684 1 6 739.500000000 685.953679740 true
polygon 120 4 739 684 1 6 739,684 740,684 740,690 739,690 739,684
line 120 0 649.000000000 692.318765036 739.000000000 685.988845958 13.045977011
item 120 0 0 649.000000000 692.318765036 740.000000000 685.918513523 13.045977011
jitter 120 0.012490394 0.003799375 0.592755775
spot 121 system 1 1993 720 64 15 759
meanheight 121 11.859375000
meandist 121 0.3527594050855802
structwidth 121 62.000000000
slopegap 121 0.000000000
section 121 0 1993 725 1 7 1993.500000000 728.599481252 true
polygon 121 0 1993 725 1 7 1993,725 1994,725 1994,732 1993,732 1993,725
section 121 1 1994 720 62 15 2025.000000000 727.170872051 true
polygon 121 1 1994 720 62 15 1994,723 1996,723 1996,722 2019,722 2019,721 2038,721 2038,720 2054,720 2054,721 2056,721 2056,731 2054,731 2054,732 2043,732 2043,733 2018,733 2018,734 2000,734 2000,735 1996,735 1996,734 1994,734 1994,723
section 121 2 2056 723 1 6 2056.500000000 725.742262849 true
polygon 121 2 2056 723 1 6 2056,723 2057,723 2057,729 2056,729 2056,723
line 121 0 1993.000000000 728.622157589 2056.000000000 725.764939186 12.032258065
item 121 0 0 1993.000000000 728.622157589 2057.000000000 725.719586513 12.032258065
jitter 121 0.005060723 0.005132635 0.745166055
spot 122 system 1 406 899 120 14 1385
meanheight 122 11.541666667
meandist 122 0.34611199854158725
structwidth 122 118.000000000
slopegap 122 0.000000000
section 122 0 406 902 1 6 406.500000000 905.023025247 true
polygon 122 0 406 902 1 6 406,902 407,902 407,908 406,908 406,902
section 122 1 407 899 118 14 466.000000000 905.927088697 true
polygon 122 1 407 899 118 14 407,900 409,900 409,899 419,899 419,900 501,900 501,901 514,901 514,900 518,900 518,901 523,901 523,902 525,902 525,912 523,912 523,913 506,913 506,912 453,912 453,911 409,911 409,910 407,910 407,900
section 122 2 525 904 1 6 525.500000000 906.831152148 true
polygon 122 2 525 904 1 6 525,904 526,904 526,910 525,910 525,904
line 122 0 406.000000000 905.015428075 525.000000000 906.823554976 11.635593220
item 122 0 0 406.000000000 905.015428075 526.000000000 906.838749320 11.635593220
jitter 122 0.003000429 0.002504561 0.862375249
spot 123 system 1 626 907 121 12 1426
meanheight 123 11.785123967
meandist 123 0.16886213045396328
structwidth 123 118.000000000
slopegap 123 0.000000000
section 123 0 626 910 1 6 626.500000000 912.991847717 true
polygon 123 0 626 910 1 6 626,910 627,910 627,916 626,916 626,910
section 123 1 627 907 118 12 686.000000000 913.004342285 true
polygon 123 1 627 907 118 12 627,908 629,908 629,907 743,907 743,908 745,908 745,918 744,918 744,919 629,919 629,918 627,918 627,908
section 123 2 745 910 1 8 745.500000000 913.016836852 true
polygon 123 2 745 910 1 8 745,910 746,910 746,918 745,918 745,910
section 123 3 746 913 1 3 746.500000000 913.017046845 true
polygon 123 3 746 913 1 3 746,913 747,913 747,916 746,916 746,913
line 123 0 626.000000000 912.991742721 746.000000000 913.016941848 11.940677966
item 123 0 0 626.000000000 912.991742721 747.000000000 913.017151841 11.940677966
jitter 123 0.001300845 0.001071255 0.940697499
spot 124 system 1 1510 907 154 13 1814
meanheight 124 11.779220779
meandist 124 0.2512950137181444
structwidth 124 149.000000000
slopegap 124 0.000000000
section 124 0 1510 911 1 5 1510.500000000 913.140409033 true
polygon 124 0 1510 911 1 5 1510,911 1511,911 1511,916 1510,916 1510,911
section 124 1 1511 908 3 11 1512.500000000 913.138257754 true
polygon 124 1 1511 908 3 11 1511,909 1512,909 1512,908 1514,908 1514,919 1512,919 1512,918 1511,918 1511,909
section 124 2 1514 907 149 13 1588.500000000 913.056509160 true
polygon 124 2 1514 907 149 13 1514,907 1535,907 1535,908 1537,908 1537,907 1542,907 1542,908 1552,908 1552,907 1660,907 1660,908 1662,908 1662,909 1663,909 1663,918 1661,918 1661,919 1517,919 1517,920 1514,920 1514,907
section 124 3 1663 911 1 5 1663.500000000 912.975836205 true
polygon 124 3 1663 911 1 5 1663,911 1664,911 1664,916 1663,916 1663,911
line 124 0 1510.000000000 913.140946853 1663.000000000 912.976374025 11.899328859
item 124 0 0 1510.000000000 913.140946853 1664.000000000 912.975298386 11.899328859
jitter 124 0.001940623 0.001016582 0.926069876
spot 125 system 1 803 908 146 17 1693
meanheight 125 11.595890411
meandist 125 0.3607671829685645
structwidth 125 144.000000000
slopegap 125 0.000000000
section 125 0 803 911 1 5 803.500000000 913.769843997 true
polygon 125 0 803 911 1 5 803,911 804,911 804,916 803,916 803,911
section 125 1 804 908 144 17 876.000000000 916.302186654 true
polygon 125 1 804 908 144 17 804,909 806,909 806,908 823,908 823,909 845,909 845,910 873,910 873,911 911,911 911,912 940,912 940,913 946,913 946,914 948,914 948,924 946,924 946,925 939,925 939,924 914,924 914,923 890,923 890,922 860,922 860,921 855,921 855,922 851,922 851,921 829,921 829,920 807,920 807,919 805,919 805,918 804,918 804,909
section 125 2 948 916 1 6 948.500000000 918.834529312 true
polygon 125 2 948 916 1 6 948,916 949,916 949,922 948,922 948,916
line 125 0 803.000000000 913.752379565 948.000000000 918.817064880 11.680555556
item 125 0 0 803.000000000 913.752379565 949.000000000 918.851993744 11.680555556
jitter 125 0.002370432 0.002246672 0.884572397
spot 126 system 2 1993 720 64 15 759
meanheight 126 11.859375000
meandist 126 0.3527594050855802
structwidth 126 62.000000000
slopegap 126 0.000000000
section 126 0 1993 725 1 7 1993.500000000 728.599481252 true
polygon 126 0 1993 725 1 7 1993,725 1994,725 1994,732 1993,732 1993,725
section 126 1 1994 720 62 15 2025.000000000 727.170872051 true
polygon 126 1 1994 720 62 15 1994,723 1996,723 1996,722 2019,722 2019,721 2038,721 2038,720 2054,720 2054,721 2056,721 2056,731 2054,731 2054,732 2043,732 2043,733 2018,733 2018,734 2000,734 2000,735 1996,735 1996,734 1994,734 1994,723
section 126 2 2056 723 1 6 2056.500000000 725.742262849 true
polygon 126 2 2056 723 1 6 2056,723 2057,723 2057,729 2056,729 2056,723
line 126 0 1993.000000000 728.622157589 2056.000000000 725.764939186 12.032258065
item 126 0 0 1993.000000000 728.622157589 2057.000000000 725.719586513 12.032258065
jitter 126 0.005060723 0.005132635 0.745166055
spot 127 system 2 406 899 120 14 1385
meanheight 127 11.541666667
meandist 127 0.34611199854158725
structwidth 127 118.000000000
slopegap 127 0.000000000
section 127 0 406 902 1 6 406.500000000 905.023025247 true
polygon 127 0 406 902 1 6 406,902 407,902 407,908 406,908 406,902
section 127 1 407 899 118 14 466.000000000 905.927088697 true
polygon 127 1 407 899 118 14 407,900 409,900 409,899 419,899 419,900 501,900 501,901 514,901 514,900 518,900 518,901 523,901 523,902 525,902 525,912 523,912 523,913 506,913 506,912 453,912 453,911 409,911 409,910 407,910 407,900
section 127 2 525 904 1 6 525.500000000 906.831152148 true
polygon 127 2 525 904 1 6 525,904 526,904 526,910 525,910 525,904
line 127 0 406.000000000 905.015428075 525.000000000 906.823554976 11.635593220
item 127 0 0 406.000000000 905.015428075 526.000000000 906.838749320 11.635593220
jitter 127 0.003000429 0.002504561 0.862375249
spot 128 system 2 626 907 121 12 1426
meanheight 128 11.785123967
meandist 128 0.16886213045396328
structwidth 128 118.000000000
slopegap 128 0.000000000
section 128 0 626 910 1 6 626.500000000 912.991847717 true
polygon 128 0 626 910 1 6 626,910 627,910 627,916 626,916 626,910
section 128 1 627 907 118 12 686.000000000 913.004342285 true
polygon 128 1 627 907 118 12 627,908 629,908 629,907 743,907 743,908 745,908 745,918 744,918 744,919 629,919 629,918 627,918 627,908
section 128 2 745 910 1 8 745.500000000 913.016836852 true
polygon 128 2 745 910 1 8 745,910 746,910 746,918 745,918 745,910
section 128 3 746 913 1 3 746.500000000 913.017046845 true
polygon 128 3 746 913 1 3 746,913 747,913 747,916 746,916 746,913
line 128 0 626.000000000 912.991742721 746.000000000 913.016941848 11.940677966
item 128 0 0 626.000000000 912.991742721 747.000000000 913.017151841 11.940677966
jitter 128 0.001300845 0.001071255 0.940697499
spot 129 system 2 1510 907 154 13 1814
meanheight 129 11.779220779
meandist 129 0.2512950137181444
structwidth 129 149.000000000
slopegap 129 0.000000000
section 129 0 1510 911 1 5 1510.500000000 913.140409033 true
polygon 129 0 1510 911 1 5 1510,911 1511,911 1511,916 1510,916 1510,911
section 129 1 1511 908 3 11 1512.500000000 913.138257754 true
polygon 129 1 1511 908 3 11 1511,909 1512,909 1512,908 1514,908 1514,919 1512,919 1512,918 1511,918 1511,909
section 129 2 1514 907 149 13 1588.500000000 913.056509160 true
polygon 129 2 1514 907 149 13 1514,907 1535,907 1535,908 1537,908 1537,907 1542,907 1542,908 1552,908 1552,907 1660,907 1660,908 1662,908 1662,909 1663,909 1663,918 1661,918 1661,919 1517,919 1517,920 1514,920 1514,907
section 129 3 1663 911 1 5 1663.500000000 912.975836205 true
polygon 129 3 1663 911 1 5 1663,911 1664,911 1664,916 1663,916 1663,911
line 129 0 1510.000000000 913.140946853 1663.000000000 912.976374025 11.899328859
item 129 0 0 1510.000000000 913.140946853 1664.000000000 912.975298386 11.899328859
jitter 129 0.001940623 0.001016582 0.926069876
spot 130 system 2 803 908 146 17 1693
meanheight 130 11.595890411
meandist 130 0.3607671829685645
structwidth 130 144.000000000
slopegap 130 0.000000000
section 130 0 803 911 1 5 803.500000000 913.769843997 true
polygon 130 0 803 911 1 5 803,911 804,911 804,916 803,916 803,911
section 130 1 804 908 144 17 876.000000000 916.302186654 true
polygon 130 1 804 908 144 17 804,909 806,909 806,908 823,908 823,909 845,909 845,910 873,910 873,911 911,911 911,912 940,912 940,913 946,913 946,914 948,914 948,924 946,924 946,925 939,925 939,924 914,924 914,923 890,923 890,922 860,922 860,921 855,921 855,922 851,922 851,921 829,921 829,920 807,920 807,919 805,919 805,918 804,918 804,909
section 130 2 948 916 1 6 948.500000000 918.834529312 true
polygon 130 2 948 916 1 6 948,916 949,916 949,922 948,922 948,916
line 130 0 803.000000000 913.752379565 948.000000000 918.817064880 11.680555556
item 130 0 0 803.000000000 913.752379565 949.000000000 918.851993744 11.680555556
jitter 130 0.002370432 0.002246672 0.884572397
spot 131 system 2 499 919 27 12 298
meanheight 131 11.037037037
meandist 131 0.2491588489558769
structwidth 131 22.000000000
slopegap 131 0.000000000
section 131 0 499 922 1 3 499.500000000 925.000000000 true
polygon 131 0 499 922 1 3 499,922 500,922 500,925 499,925 499,922
section 131 1 500 919 3 11 501.500000000 925.000000000 true
polygon 131 1 500 919 3 11 500,920 502,920 502,919 503,919 503,930 501,930 501,928 500,928 500,920
section 131 2 503 919 22 12 514.000000000 925.000000000 true
polygon 131 2 503 919 22 12 503,919 523,919 523,920 525,920 525,930 523,930 523,931 503,931 503,919
section 131 3 525 922 1 6 525.500000000 925.000000000 true
polygon 131 3 525 922 1 6 525,922 526,922 526,928 525,928 525,922
line 131 0 499.000000000 925.000000000 525.000000000 925.000000000 11.818181818
item 131 0 0 499.000000000 925.000000000 526.000000000 925.000000000 11.818181818
jitter 131 0.010435975 0.012234260 0.433244107
spot 132 system 2 1365 920 52 12 604
meanheight 132 11.615384615
meandist 132 0.2712931990393934
structwidth 132 50.000000000
slopegap 132 0.000000000
section 132 0 1365 923 1 6 1365.500000000 926.000000000 true
polygon 132 0 1365 923 1 6 1365,923 1366,923 1366,929 1365,929 1365,923
section 132 1 1366 920 50 12 1391.000000000 926.000000000 true
polygon 132 1 1366 920 50 12 1366,921 1368,921 1368,920 1414,920 1414,921 1416,921 1416,931 1414,931 1414,932 1368,932 1368,931 1366,931 1366,921
section 132 2 1416 923 1 6 1416.500000000 926.000000000 true
polygon 132 2 1416 923 1 6 1416,923 1417,923 1417,929 1416,929 1416,923
line 132 0 1365.000000000 926.000000000 1416.000000000 926.000000000 11.840000000
item 132 0 0 1365.000000000 926.000000000 1417.000000000 926.000000000 11.840000000
jitter 132 0.003842814 0.003842814 0.807859314
spot 133 system 2 1511 926 153 13 1776
meanheight 133 11.607843137
meandist 133 0.3969552432064627
structwidth 133 151.000000000
slopegap 133 0.000000000
section 133 0 1511 929 1 6 1511.500000000 933.037872081 true
polygon 133 0 1511 929 1 6 1511,929 1512,929 1512,935 1511,935 1511,929
section 133 1 1512 926 151 13 1587.500000000 932.513103869 true
polygon 133 1 1512 926 151 13 1512,927 1514,927 1514,926 1517,926 1517,927 1611,927 1611,926 1619,926 1619,927 1623,927 1623,926 1661,926 1661,927 1663,927 1663,937 1661,937 1661,938 1616,938 1616,939 1612,939 1612,938 1579,938 1579,939 1563,939 1563,938 1561,938 1561,939 1523,939 1523,938 1514,938 1514,937 1512,937 1512,927
section 133 2 1663 929 1 6 1663.500000000 931.988335657 true
polygon 133 2 1663 929 1 6 1663,929 1664,929 1664,935 1663,935 1663,929
line 133 0 1511.000000000 933.041324503 1663.000000000 931.991788079 11.682119205
item 133 0 0 1511.000000000 933.041324503 1664.000000000 931.984883235 11.682119205
jitter 133 0.002224842 0.002732037 0.876078036
spot 134 system 2 803 928 25 14 317
meanheight 134 12.680000000
meandist 134 0.42686932391424254
structwidth 134 22.000000000
slopegap 134 0.000000000
section 134 0 803 931 1 8 803.500000000 934.797713156 true
polygon 134 0 803 931 1 8 803,931 804,931 804,939 803,939 803,931
section 134 1 804 928 22 14 815.000000000 935.223037832 true
polygon 134 1 804 928 22 14 804,929 806,929 806,928 818,928 818,929 824,929 824,930 826,930 826,941 825,941 825,942 806,942 806,941 804,941 804,929
section 134 2 826 931 1 10 826.500000000 935.648362507 true
polygon 134 2 826 931 1 10 826,931 827,931 827,941 826,941 826,931
section 134 3 827 933 1 6 827.500000000 935.685347261 true
polygon 134 3 827 933 1 6 827,933 828,933 828,939 827,939 827,933
line 134 0 803.000000000 934.779220779 827.000000000 935.666854884 13.318181818
item 134 0 0 803.000000000 934.779220779 828.000000000 935.703839639 13.318181818
jitter 134 0.018263992 0.011741741 0.249856686
spot 135 system 2 924 932 25 12 280
meanheight 135 11.200000000
meandist 135 0.37903469064048206
structwidth 135 23.000000000
slopegap 135 0.000000000
section 135 0 924 935 1 6 924.500000000 938.000000000 true
polygon 135 0 924 935 1 6 924,935 925,935 925,941 924,941 924,935
section 135 1 925 932 23 12 936.500000000 938.000000000 true
polygon 135 1 925 932 23 12 925,933 927,933 927,932 946,932 946,933 948,933 948,943 946,943 946,944 927,944 927,943 925,943 925,933
section 135 2 948 935 1 6 948.500000000 938.000000000 true
polygon 135 2 948 935 1 6 948,935 949,935 949,941 948,941 948,935
line 135 0 924.000000000 938.000000000 948.000000000 938.000000000 11.652173913
item 135 0 0 924.000000000 938.000000000 949.000000000 938.000000000 11.652173913
jitter 135 0.011741741 0.011741741 0.412912951
spot 136 system 2 1219 932 13 13 131
reject 136 too narrow
spot 137 system 2 1365 939 52 12 562
meanheight 137 10.807692308
meandist 137 0.297343639532536
structwidth 137 50.000000000
slopegap 137 0.000000000
section 137 0 1365 943 1 5 1365.500000000 945.631488595 true
polygon 137 0 1365 943 1 5 1365,943 1366,943 1366,948 1365,948 1365,943
section 137 1 1366 939 50 12 1391.000000000 945.405570228 true
polygon 137 1 1366 939 50 12 1366,941 1368,941 1368,940 1407,940 1407,939 1414,939 1414,940 1416,940 1416,950 1414,950 1414,951 1368,951 1368,950 1366,950 1366,941
section 137 2 1416 942 1 6 1416.500000000 945.179651861 true
polygon 137 2 1416 942 1 6 1416,942 1417,942 1417,948 1416,948 1416,942
line 137 0 1365.000000000 945.635918367 1416.000000000 945.184081633 11.020000000
item 137 0 0 1365.000000000 945.635918367 1417.000000000 945.175222089 11.020000000
jitter 137 0.005868318 0.003842814 0.757221701
spot 138 system 2 1289 943 15 335 4200
reject 138 too narrow
spot 139 system 2 458 945 14 15 151
reject 139 too narrow
spot 140 system 2 236 955 25 25 456
meanheight 140 18.240000000
reject 140 too steep
spot 141 system 2 2123 956 12 11 106
reject 141 too narrow
spot 142 system 2 2169 961 25 20 390
meanheight 142 15.600000000
meandist 142 0.7719200119422442
structwidth 142 17.000000000
reject 142 too narrow width
spot 143 system 2 2219 962 26 20 384
meanheight 143 14.769230769
meandist 143 0.8703862901030206
structwidth 143 18.000000000
reject 143 too narrow width
spot 144 system 2 2266 962 25 20 392
meanheight 144 15.680000000
meandist 144 0.9239576344300662
structwidth 144 19.000000000
reject 144 too narrow width
spot 145 system 2 454 967 14 15 153
reject 145 too narrow
spot 146 system 2 1694 967 26 24 449
meanheight 146 17.269230769
meandist 146 null
reject 146 wavy or inconsistent borders
spot 147 system 2 1739 967 26 25 459
meanheight 147 17.653846154
reject 147 too steep
spot 148 system 2 382 978 25 24 449
meanheight 148 17.960000000
meandist 148 null
reject 148 wavy or inconsistent borders
spot 149 system 2 2119 978 12 12 116
reject 149 too narrow
spot 150 system 2 500 979 26 24 458
meanheight 150 17.615384615
meandist 150 1.232778208964876
structwidth 150 17.000000000
reject 150 too narrow width
spot 151 system 2 601 980 27 24 479
meanheight 151 17.740740741
meandist 151 1.1033315159765267
structwidth 151 17.000000000
reject 151 too narrow width
spot 152 system 2 1789 980 26 20 392
meanheight 152 15.076923077
meandist 152 null
reject 152 wavy or inconsistent borders
spot 153 system 2 1943 980 25 21 395
meanheight 153 15.800000000
meandist 153 0.8981511278811857
structwidth 153 18.000000000
reject 153 too narrow width
spot 154 system 2 663 981 26 24 474
meanheight 154 18.230769231
meandist 154 null
reject 154 wavy or inconsistent borders
spot 155 system 2 720 981 25 24 449
meanheight 155 17.960000000
meandist 155 null
reject 155 wavy or inconsistent borders
spot 156 system 2 779 982 25 24 435
meanheight 156 17.400000000
reject 156 too steep
spot 157 system 2 1486 987 26 24 456
meanheight 157 17.538461538
meandist 157 null
reject 157 wavy or inconsistent borders
spot 158 system 2 1540 987 26 24 453
meanheight 158 17.423076923
meandist 158 1.1426821052035014
structwidth 158 18.000000000
reject 158 too narrow width
spot 159 system 2 1588 987 26 25 463
meanheight 159 17.807692308
reject 159 too steep
spot 160 system 2 1638 988 25 24 438
meanheight 160 17.520000000
meandist 160 null
reject 160 wavy or inconsistent borders
spot 161 system 2 1841 989 26 25 484
meanheight 161 18.615384615
reject 161 too steep
spot 162 system 2 827 994 25 20 383
meanheight 162 15.320000000
meandist 162 0.6101114349922474
structwidth 162 16.000000000
reject 162 too narrow width
spot 163 system 2 1022 994 25 21 387
meanheight 163 15.480000000
meandist 163 0.651849719799831
structwidth 163 16.000000000
reject 163 too narrow width
spot 164 system 2 1195 998 26 20 391
meanheight 164 15.038461538
meandist 164 0.8610833038023264
structwidth 164 18.000000000
reject 164 too narrow width
spot 165 system 2 1341 998 26 21 397
meanheight 165 15.269230769
meandist 165 null
reject 165 wavy or inconsistent borders
spot 166 system 2 1390 999 26 20 394
meanheight 166 15.153846154
meandist 166 null
reject 166 wavy or inconsistent borders
spot 167 system 2 910 1000 9 9 61
reject 167 too narrow
spot 168 system 2 898 1003 12 10 92
reject 168 too narrow
spot 169 system 2 923 1004 25 24 453
meanheight 169 18.120000000
meandist 169 1.08373532528466
structwidth 169 16.000000000
reject 169 too narrow width
spot 170 system 2 898 1023 21 13 182
meanheight 170 8.666666667
meandist 170 0.4622835151154983
structwidth 170 17.000000000
reject 170 too narrow width
spot 171 system 2 2168 1034 100 14 1262
meanheight 171 12.620000000
meandist 171 0.36705735532443456
structwidth 171 98.000000000
slopegap 171 0.000000000
section 171 0 2168 1037 1 8 2168.500000000 1040.829455400 true
polygon 171 0 2168 1037 1 8 2168,1037 2169,1037 2169,1045 2168,1045 2168,1037
section 171 1 2169 1034 98 14 2218.000000000 1041.243983067 true
polygon 171 1 2169 1034 98 14 2169,1035 2171,1035 2171,1034 2180,1034 2180,1035 2187,1035 2187,1034 2192,1034 2192,1035 2265,1035 2265,1036 2267,1036 2267,1047 2265,1047 2265,1048 2246,1048 2246,1047 2241,1047 2241,1048 2210,1048 2210,1047 2206,1047 2206,1048 2201,1048 2201,1047 2175,1047 2175,1048 2171,1048 2171,1047 2169,1047 2169,1035
section 171 2 2267 1038 1 7 2267.500000000 1041.658510733 true
polygon 171 2 2267 1038 1 7 2267,1038 2268,1038 2268,1045 2267,1045 2267,1038
line 171 0 2168.000000000 1040.825268252 2267.000000000 1041.654323585 12.724489796
item 171 0 0 2168.000000000 1040.825268252 2268.000000000 1041.662697881 12.724489796
jitter 171 0.003026462 0.004112107 0.821535781
spot 172 system 2 1694 1049 149 15 1740
meanheight 172 11.677852349
meandist 172 0.3747738410125915
structwidth 172 147.000000000
slopegap 172 0.000000000
section 172 0 1694 1052 1 6 1694.500000000 1055.025692487 true
polygon 172 0 1694 1052 1 6 1694,1052 1695,1052 1695,1058 1694,1058 1694,1052
section 172 1 1695 1049 147 15 1768.500000000 1056.345653348 true
polygon 172 1 1695 1049 147 15 1695,1050 1697,1050 1697,1049 1715,1049 1715,1050 1763,1050 1763,1051 1788,1051 1788,1050 1792,1050 1792,1051 1836,1051 1836,1052 1839,1052 1839,1053 1841,1053 1841,1054 1842,1054 1842,1063 1840,1063 1840,1064 1834,1064 1834,1063 1782,1063 1782,1062 1727,1062 1727,1061 1697,1061 1697,1060 1695,1060 1695,1050
section 172 2 1842 1056 1 5 1842.500000000 1057.665614209 true
polygon 172 2 1842 1056 1 5 1842,1056 1843,1056 1843,1061 1842,1061 1842,1056
line 172 0 1694.000000000 1055.016773833 1842.000000000 1057.656695555 11.761904762
item 172 0 0 1694.000000000 1055.016773833 1843.000000000 1057.674532864 11.761904762
jitter 172 0.002613652 0.002031177 0.883879281
spot 173 system 2 2167 1056 101 12 1182
meanheight 173 11.702970297
meandist 173 0.1197497298459769
structwidth 173 95.000000000
slopegap 173 0.000000000
section 173 0 2167 1059 1 4 2167.500000000 1062.010995241 true
polygon 173 0 2167 1059 1 4 2167,1059 2168,1059 2168,1063 2167,1063 2167,1059
section 173 1 2168 1056 3 11 2169.500000000 1062.010351344 true
polygon 173 1 2168 1056 3 11 2168,1057 2170,1057 2170,1056 2171,1056 2171,1067 2169,1067 2169,1065 2168,1065 2168,1057
section 173 2 2171 1056 95 12 2218.500000000 1061.994575868 true
polygon 173 2 2171 1056 95 12 2171,1056 2265,1056 2265,1057 2266,1057 2266,1067 2264,1067 2264,1068 2171,1068 2171,1056
section 173 3 2266 1057 1 8 2266.500000000 1061.979122340 true
polygon 173 3 2266 1057 1 8 2266,1057 2267,1057 2267,1065 2266,1065 2266,1057
section 173 4 2267 1059 1 4 2267.500000000 1061.978800392 true
polygon 173 4 2267 1059 1 4 2267,1059 2268,1059 2268,1063 2267,1063 2267,1059
line 173 0 2167.000000000 1062.011156215 2267.000000000 1061.978961366 11.968421053
item 173 0 0 2167.000000000 1062.011156215 2268.000000000 1061.978639418 11.968421053
jitter 173 0.001406966 0.001968695 0.915608476
spot 174 system 2 1694 1069 149 15 1746
meanheight 174 11.718120805
meandist 174 0.33443869688814765
structwidth 174 147.000000000
slopegap 174 0.000000000
section 174 0 1694 1072 1 6 1694.500000000 1075.239279607 true
polygon 174 0 1694 1072 1 6 1694,1072 1695,1072 1695,1078 1694,1078 1694,1072
section 174 1 1695 1069 147 15 1768.500000000 1076.655829788 true
polygon 174 1 1695 1069 147 15 1695,1070 1697,1070 1697,1069 1703,1069 1703,1070 1753,1070 1753,1071 1817,1071 1817,1072 1840,1072 1840,1073 1842,1073 1842,1083 1840,1083 1840,1084 1818,1084 1818,1083 1761,1083 1761,1082 1716,1082 1716,1081 1697,1081 1697,1080 1695,1080 1695,1070
section 174 2 1842 1075 1 6 1842.500000000 1078.072379970 true
polygon 174 2 1842 1075 1 6 1842,1075 1843,1075 1843,1081 1842,1081 1842,1075
line 174 0 1694.000000000 1075.229708322 1842.000000000 1078.062808685 11.795918367
item 174 0 0 1694.000000000 1075.229708322 1843.000000000 1078.081951255 11.795918367
jitter 174 0.002109982 0.002167558 0.893061492
spot 175 system 2 381 1162 26 23 426
meanheight 175 16.384615385
meandist 175 1.1605979953424927
structwidth 175 19.000000000
reject 175 too narrow width
spot 176 system 2 429 1168 20 13 154
reject 176 too narrow
spot 177 system 2 454 1174 25 20 377
meanheight 177 15.080000000
meandist 177 0.9620291639765389
structwidth 177 18.000000000
reject 177 too narrow width
spot 178 system 2 1996 1176 26 22 436
meanheight 178 16.769230769
meandist 178 0.9392059597847907
structwidth 178 18.000000000
reject 178 too narrow width
spot 179 system 2 309 1182 26 24 469
meanheight 179 18.038461538
meandist 179 1.0016416951899634
structwidth 179 16.000000000
reject 179 too narrow width
spot 180 system 2 1638 1183 25 21 391
meanheight 180 15.640000000
meandist 180 0.9095349509810001
structwidth 180 18.000000000
reject 180 too narrow width
spot 181 system 2 601 1184 26 25 477
meanheight 181 18.346153846
meandist 181 1.1815806939852664
structwidth 181 16.000000000
reject 181 too narrow width
spot 182 system 2 1841 1184 26 21 398
meanheight 182 15.307692308
meandist 182 0.7260827793361124
structwidth 182 16.000000000
reject 182 too narrow width
spot 183 system 2 2068 1187 26 20 393
meanheight 183 15.115384615
meandist 183 0.9723326734986648
structwidth 183 21.000000000
slopegap 183 0.000000000
section 183 0 2068 1197 1 5 2068.500000000 1202.321830428 false
polygon 183 0 2068 1197 1 5 2068,1197 2069,1197 2069,1202 2068,1202 2068,1197
section 183 1 2069 1194 3 11 2070.500000000 1201.587755468 true
polygon 183 1 2069 1194 3 11 2069,1195 2071,1195 2071,1194 2072,1194 2072,1205 2070,1205 2070,1204 2069,1204 2069,1195
section 183 2 2072 1187 18 20 2081.000000000 1197.733861928 true
polygon 183 2 2072 1187 18 20 2072,1193 2073,1193 2073,1192 2074,1192 2074,1191 2075,1191 2075,1190 2076,1190 2076,1189 2078,1189 2078,1188 2081,1188 2081,1187 2090,1187 2090,1203 2089,1203 2089,1204 2087,1204 2087,1205 2085,1205 2085,1206 2083,1206 2083,1207 2074,1207 2074,1206 2072,1206 2072,1193
section 183 3 2090 1188 3 13 2091.500000000 1193.879968387 true
polygon 183 3 2090 1188 3 13 2090,1188 2092,1188 2092,1189 2093,1189 2093,1199 2092,1199 2092,1200 2091,1200 2091,1201 2090,1201 2090,1188
section 183 4 2093 1191 1 6 2093.500000000 1193.145893427 true
polygon 183 4 2093 1191 1 6 2093,1191 2094,1191 2094,1197 2093,1197 2093,1191
line 183 0 2068.000000000 1202.505349168 2093.000000000 1193.329412167 18.364445204
item 183 0 0 2069.000000000 1202.138311688 2094.000000000 1192.962374687 18.364445204
jitter 183 0.050643297 0.055795369 -1.660966646
spot 184 system 2 429 1190 21 14 160
meanheight 184 7.619047619
reject 184 too slim
spot 185 system 2 1486 1191 26 25 471
meanheight 185 18.115384615
reject 185 too steep
spot 186 system 2 1694 1193 27 24 451
meanheight 186 16.703703704
meandist 186 null
reject 186 wavy or inconsistent borders
spot 187 system 2 690 1197 26 20 388
meanheight 187 14.923076923
meandist 187 null
reject 187 wavy or inconsistent borders
spot 188 system 2 874 1198 26 20 387
meanheight 188 14.884615385
meandist 188 1.005843222389774
structwidth 188 19.000000000
reject 188 too narrow width
spot 189 system 2 1145 1200 27 21 401
meanheight 189 14.851851852
meandist 189 null
reject 189 wavy or inconsistent borders
spot 190 system 2 235 1203 25 24 435
meanheight 190 17.400000000
reject 190 too steep
spot 191 system 2 1539 1204 26 21 399
meanheight 191 15.346153846
meandist 191 null
reject 191 wavy or inconsistent borders
spot 192 system 2 1740 1205 25 21 387
meanheight 192 15.480000000
meandist 192 null
reject 192 wavy or inconsistent borders
spot 193 system 2 778 1207 26 25 461
meanheight 193 17.730769231
reject 193 too steep
spot 194 system 2 1942 1207 26 20 397
meanheight 194 15.269230769
meandist 194 null
reject 194 wavy or inconsistent borders
spot 195 system 2 1074 1210 26 24 455
meanheight 195 17.500000000
meandist 195 null
reject 195 wavy or inconsistent borders
spot 196 system 2 1587 1214 26 24 452
meanheight 196 17.384615385
meandist 196 null
reject 196 wavy or inconsistent borders
spot 197 system 2 1789 1215 27 24 453
meanheight 197 16.777777778
meandist 197 null
reject 197 wavy or inconsistent borders
spot 198 system 2 1339 1218 12 11 100
reject 198 too narrow
spot 199 system 2 1021 1221 25 21 377
meanheight 199 15.080000000
meandist 199 1.0705755163690753
structwidth 199 21.000000000
slopegap 199 0.000000000
section 199 0 1021 1232 1 6 1021.500000000 1235.174302233 true
polygon 199 0 1021 1232 1 6 1021,1232 1022,1232 1022,1238 1021,1238 1021,1232
section 199 1 1022 1228 2 12 1023.000000000 1234.649146730 true
polygon 199 1 1022 1228 2 12 1022,1230 1023,1230 1023,1228 1024,1228 1024,1240 1022,1240 1022,1230
section 199 2 1024 1221 18 21 1033.000000000 1231.148110048 true
polygon 199 2 1024 1221 18 21 1024,1227 1025,1227 1025,1226 1026,1226 1026,1225 1028,1225 1028,1224 1030,1224 1030,1223 1032,1223 1032,1222 1035,1222 1035,1221 1039,1221 1039,1222 1041,1222 1041,1223 1042,1223 1042,1237 1041,1237 1041,1238 1039,1238 1039,1239 1037,1239 1037,1240 1035,1240 1035,1241 1032,1241 1032,1242 1027,1242 1027,1241 1024,1241 1024,1227
section 199 3 1042 1223 3 12 1043.500000000 1227.472021531 true
polygon 199 3 1042 1223 3 12 1042,1223 1043,1223 1043,1224 1044,1224 1044,1225 1045,1225 1045,1234 1043,1234 1043,1235 1042,1235 1042,1223
section 199 4 1045 1227 1 5 1045.500000000 1226.771814195 false
polygon 199 4 1045 1227 1 5 1045,1227 1046,1227 1046,1232 1045,1232 1045,1227
line 199 0 1021.000000000 1235.349354067 1045.000000000 1226.946866029 17.451606288
item 199 0 0 1021.000000000 1235.349354067 1045.000000000 1226.946866029 17.451606288
jitter 199 0.053855730 0.051407086 -1.631570403
spot 200 system 2 1194 1223 26 20 393
meanheight 200 15.115384615
meandist 200 1.0733669757787199
structwidth 200 21.000000000
slopegap 200 0.000000000
section 200 0 1194 1234 1 4 1194.500000000 1236.752279563 true
polygon 200 0 1194 1234 1 4 1194,1234 1195,1234 1195,1238 1194,1238 1194,1234
section 200 1 1195 1230 3 11 1196.500000000 1236.120732513 true
polygon 200 1 1195 1230 3 11 1195,1232 1196,1232 1196,1231 1197,1231 1197,1230 1198,1230 1198,1241 1196,1241 1196,1240 1195,1240 1195,1232
section 200 2 1198 1223 18 20 1207.000000000 1232.805110504 true
polygon 200 2 1198 1223 18 20 1198,1229 1199,1229 1199,1228 1200,1228 1200,1227 1201,1227 1201,1226 1202,1226 1202,1225 1204,1225 1204,1224 1206,1224 1206,1223 1216,1223 1216,1238 1215,1238 1215,1239 1214,1239 1214,1240 1213,1240 1213,1241 1211,1241 1211,1242 1209,1242 1209,1243 1200,1243 1200,1242 1198,1242 1198,1229
section 200 3 1216 1224 3 13 1217.500000000 1229.489488494 true
polygon 200 3 1216 1224 3 13 1216,1224 1218,1224 1218,1225 1219,1225 1219,1236 1218,1236 1218,1237 1216,1237 1216,1224
section 200 4 1219 1227 1 7 1219.500000000 1228.857941445 true
polygon 200 4 1219 1227 1 7 1219,1227 1220,1227 1220,1234 1219,1234 1219,1227
line 200 0 1194.000000000 1236.910166325 1219.000000000 1229.015828207 17.307040328
item 200 0 0 1194.000000000 1236.910166325 1220.000000000 1228.700054682 17.307040328
jitter 200 0.052481794 0.054288980 -1.669269359
spot 201 system 2 2119 1229 26 20 382
meanheight 201 14.692307692
meandist 201 0.9559102549698079
structwidth 201 19.000000000
reject 201 too narrow width
spot 202 system 2 380 1255 74 16 1082
meanheight 202 14.621621622
meandist 202 0.3065734040027748
structwidth 202 69.000000000
slopegap 202 0.000000000
section 202 0 380 1258 1 6 380.500000000 1262.686773840 true
polygon 202 0 380 1258 1 6 380,1258 381,1258 381,1264 380,1264 380,1258
section 202 1 381 1256 2 12 382.000000000 1262.714833760 true
polygon 202 1 381 1256 2 12 381,1256 383,1256 383,1268 382,1268 382,1266 381,1266 381,1256
section 202 2 383 1255 69 16 417.500000000 1263.378918524 true
polygon 202 2 383 1255 69 16 383,1255 408,1255 408,1256 435,1256 435,1257 437,1257 437,1256 441,1256 441,1257 451,1257 451,1258 452,1258 452,1270 450,1270 450,1271 391,1271 391,1270 388,1270 388,1271 385,1271 385,1270 383,1270 383,1255
section 202 3 452 1258 1 10 452.500000000 1264.033649982 true
polygon 202 3 452 1258 1 10 452,1258 453,1258 453,1268 452,1268 452,1258
section 202 4 453 1260 1 5 453.500000000 1264.052356595 true
polygon 202 4 453 1260 1 5 453,1260 454,1260 454,1265 453,1265 453,1260
line 202 0 380.000000000 1262.677420533 453.000000000 1264.043003288 15.057971014
item 202 0 0 380.000000000 1262.677420533 454.000000000 1264.061709901 15.057971014
jitter 202 0.004765025 0.005909454 0.733138036
spot 203 system 2 2046 1259 24 17 304
meanheight 203 12.666666667
meandist 203 null
reject 203 wavy or inconsistent borders
spot 204 system 2 599 1270 93 18 1162
meanheight 204 12.494623656
meandist 204 0.6325869628394181
structwidth 204 90.000000000
slopegap 204 0.000000000
section 204 0 599 1276 1 5 599.500000000 1277.277682430 true
polygon 204 0 599 1276 1 5 599,1276 600,1276 600,1281 599,1281 599,1276
section 204 1 600 1273 1 10 600.500000000 1277.335051652 true
polygon 204 1 600 1273 1 10 600,1273 601,1273 601,1283 600,1283 600,1273
section 204 2 601 1270 25 15 613.500000000 1278.080851545 true
polygon 204 2 601 1270 25 15 601,1271 603,1271 603,1270 623,1270 623,1271 625,1271 625,1273 626,1273 626,1285 603,1285 603,1284 601,1284 601,1271
section 204 3 626 1274 65 14 658.500000000 1280.662466560 true
polygon 204 3 626 1274 65 14 626,1274 649,1274 649,1275 680,1275 680,1276 689,1276 689,1277 691,1277 691,1287 689,1287 689,1288 676,1288 676,1287 653,1287 653,1286 627,1286 627,1285 626,1285 626,1274
section 204 4 691 1279 1 6 691.500000000 1282.555650903 true
polygon 204 4 691 1279 1 6 691,1279 692,1279 692,1285 691,1285 691,1279
line 204 0 599.000000000 1277.248997819 691.000000000 1282.526966292 12.677777778
item 204 0 0 599.000000000 1277.248997819 692.000000000 1282.584335515 12.677777778
jitter 204 0.010137751 0.003344834 0.662935384
spot 205 system 2 1942 1272 24 12 256
meanheight 205 10.666666667
meandist 205 0.42191735244076073
structwidth 205 22.000000000
slopegap 205 0.000000000
section 205 0 1942 1276 1 5 1942.500000000 1278.625776398 true
polygon 205 0 1942 1276 1 5 1942,1276 1943,1276 1943,1281 1942,1281 1942,1276
section 205 1 1943 1272 22 12 1954.000000000 1278.232919255 true
polygon 205 1 1943 1272 22 12 1943,1274 1945,1274 1945,1273 1954,1273 1954,1272 1963,1272 1963,1273 1965,1273 1965,1283 1963,1283 1963,1284 1945,1284 1945,1283 1943,1283 1943,1274
section 205 2 1965 1275 1 6 1965.500000000 1277.840062112 true
polygon 205 2 1965 1275 1 6 1965,1275 1966,1275 1966,1281 1965,1281 1965,1275
line 205 0 1942.000000000 1278.642857143 1965.000000000 1277.857142857 11.136363636
item 205 0 0 1942.000000000 1278.642857143 1966.000000000 1277.822981366 11.136363636
jitter 205 0.016200536 0.012500000 0.282486596
spot 206 system 2 1121 1274 26 13 301
meanheight 206 11.576923077
meandist 206 0.38424335800244097
structwidth 206 24.000000000
slopegap 206 0.000000000
section 206 0 1121 1277 1 7 1121.500000000 1280.500579710 true
polygon 206 0 1121 1277 1 7 1121,1277 1122,1277 1122,1284 1121,1284 1121,1277
section 206 1 1122 1274 24 13 1134.000000000 1280.152753623 true
polygon 206 1 1122 1274 24 13 1122,1275 1124,1275 1124,1274 1144,1274 1144,1275 1146,1275 1146,1285 1144,1285 1144,1286 1130,1286 1130,1287 1124,1287 1124,1286 1122,1286 1122,1275
section 206 2 1146 1277 1 6 1146.500000000 1279.804927536 true
polygon 206 2 1146 1277 1 6 1146,1277 1147,1277 1147,1283 1146,1283 1146,1277
line 206 0 1121.000000000 1280.514492754 1146.000000000 1279.818840580 12.000000000
item 206 0 0 1121.000000000 1280.514492754 1147.000000000 1279.791014493 12.000000000
jitter 206 0.011056915 0.013576809 0.384156902
spot 207 system 2 1485 1276 154 13 1790
meanheight 207 11.623376623
meandist 207 0.36398812318766227
structwidth 207 152.000000000
slopegap 207 0.000000000
section 207 0 1485 1279 1 5 1485.500000000 1282.120779342 true
polygon 207 0 1485 1279 1 5 1485,1279 1486,1279 1486,1284 1485,1284 1485,1279
section 207 1 1486 1276 152 13 1562.000000000 1282.134961112 true
polygon 207 1 1486 1276 152 13 1486,1277 1488,1277 1488,1276 1519,1276 1519,1277 1529,1277 1529,1276 1552,1276 1552,1277 1563,1277 1563,1276 1567,1276 1567,1277 1582,1277 1582,1276 1593,1276 1593,1277 1596,1277 1596,1276 1636,1276 1636,1277 1638,1277 1638,1287 1636,1287 1636,1288 1590,1288 1590,1289 1586,1289 1586,1288 1489,1288 1489,1287 1487,1287 1487,1286 1486,1286 1486,1277
section 207 2 1638 1279 1 6 1638.500000000 1282.149142883 true
polygon 207 2 1638 1279 1 6 1638,1279 1639,1279 1639,1285 1638,1285 1638,1279
line 207 0 1485.000000000 1282.120686650 1638.000000000 1282.149050192 11.703947368
item 207 0 0 1485.000000000 1282.120686650 1639.000000000 1282.149235574 11.703947368
jitter 207 0.002890356 0.001390814 0.892970754
spot 208 system 2 1020 1282 24 13 275
meanheight 208 11.458333333
meandist 208 0.3837434904196362
structwidth 208 22.000000000
slopegap 208 0.000000000
section 208 0 1020 1285 1 7 1020.500000000 1288.434500282 true
polygon 208 0 1020 1285 1 7 1020,1285 1021,1285 1021,1292 1020,1292 1020,1285
section 208 1 1021 1282 22 13 1032.000000000 1288.122811971 true
polygon 208 1 1021 1282 22 13 1021,1283 1023,1283 1023,1282 1041,1282 1041,1283 1043,1283 1043,1293 1041,1293 1041,1294 1027,1294 1027,1295 1023,1295 1023,1294 1021,1294 1021,1283
section 208 2 1043 1285 1 6 1043.500000000 1287.811123659 true
polygon 208 2 1043 1285 1 6 1043,1285 1044,1285 1044,1291 1043,1291 1043,1285
line 208 0 1020.000000000 1288.448051948 1043.000000000 1287.824675325 11.909090909
item 208 0 0 1020.000000000 1288.448051948 1044.000000000 1287.797571993 11.909090909
jitter 208 0.012500000 0.014516569 0.324585766
spot 209 system 2 234 1283 76 15 887
meanheight 209 11.671052632
meandist 209 0.3536076563353416
structwidth 209 74.000000000
slopegap 209 0.000000000
section 209 0 234 1289 1 6 234.500000000 1291.980788597 true
polygon 209 0 234 1289 1 6 234,1289 235,1289 235,1295 234,1295 234,1289
section 209 1 235 1283 74 15 272.000000000 1290.664887079 true
polygon 209 1 235 1283 74 15 235,1287 237,1287 237,1286 250,1286 250,1285 280,1285 280,1284 302,1284 302,1283 307,1283 307,1284 309,1284 309,1294 308,1294 308,1295 306,1295 306,1296 276,1296 276,1297 244,1297 244,1298 237,1298 237,1297 235,1297 235,1287
section 209 2 309 1286 1 6 309.500000000 1289.348985561 true
polygon 209 2 309 1286 1 6 309,1286 310,1286 310,1292 309,1292 309,1286
line 209 0 234.000000000 1291.998333950 309.000000000 1289.366530914 11.824324324
item 209 0 0 234.000000000 1291.998333950 310.000000000 1289.331440207 11.824324324
jitter 209 0.004282402 0.004110517 0.790177031
spot 210 system 2 1694 1283 149 13 1749
meanheight 210 11.738255034
meandist 210 0.306762844130374
structwidth 210 147.000000000
slopegap 210 0.000000000
section 210 0 1694 1286 1 5 1694.500000000 1289.114606079 true
polygon 210 0 1694 1286 1 5 1694,1286 1695,1286 1695,1291 1694,1291 1694,1286
section 210 1 1695 1283 147 13 1768.500000000 1289.091681841 true
polygon 210 1 1695 1283 147 13 1695,1284 1697,1284 1697,1283 1712,1283 1712,1284 1722,1284 1722,1283 1728,1283 1728,1284 1735,1284 1735,1283 1767,1283 1767,1284 1769,1284 1769,1283 1773,1283 1773,1284 1775,1284 1775,1283 1784,1283 1784,1284 1786,1284 1786,1283 1840,1283 1840,1284 1842,1284 1842,1295 1840,1295 1840,1296 1836,1296 1836,1295 1698,1295 1698,1294 1696,1294 1696,1293 1695,1293 1695,1284
section 210 2 1842 1286 1 7 1842.500000000 1289.068757603 true
polygon 210 2 1842 1286 1 7 1842,1286 1843,1286 1843,1293 1842,1293 1842,1286
line 210 0 1694.000000000 1289.114760973 1842.000000000 1289.068912497 11.816326531
item 210 0 0 1694.000000000 1289.114760973 1843.000000000 1289.068602710 11.816326531
jitter 210 0.002402831 0.001280056 0.907927815
spot 211 system 2 1942 1286 128 20 1516
meanheight 211 11.843750000
meandist 211 0.36586713874386373
structwidth 211 126.000000000
slopegap 211 0.000000000
section 211 0 1942 1296 1 7 1942.500000000 1300.022263967 true
polygon 211 0 1942 1296 1 7 1942,1296 1943,1296 1943,1303 1942,1303 1942,1296
section 211 1 1943 1286 126 20 2006.000000000 1296.028073491 true
polygon 211 1 1943 1286 126 20 1943,1294 1945,1294 1945,1293 1970,1293 1970,1292 1987,1292 1987,1291 1996,1291 1996,1290 2018,1290 2018,1289 2034,1289 2034,1288 2048,1288 2048,1287 2060,1287 2060,1286 2067,1286 2067,1287 2069,1287 2069,1297 2067,1297 2067,1298 2062,1298 2062,1299 2046,1299 2046,1300 2027,1300 2027,1301 2016,1301 2016,1302 2002,1302 2002,1303 1983,1303 1983,1304 1966,1304 1966,1305 1953,1305 1953,1306 1945,1306 1945,1305 1943,1305 1943,1294
section 211 2 2069 1289 1 6 2069.500000000 1292.033883015 true
polygon 211 2 2069 1289 1 6 2069,1289 2070,1289 2070,1295 2069,1295 2069,1289
line 211 0 1942.000000000 1300.053714286 2069.000000000 1292.065333333 11.928571429
item 211 0 0 1942.000000000 1300.053714286 2070.000000000 1292.002432696 11.928571429
jitter 211 0.002890188 0.002633859 0.861898844
spot 212 system 2 777 1287 98 16 1128
meanheight 212 11.510204082
meandist 212 0.35406546324467264
structwidth 212 96.000000000
slopegap 212 0.000000000
section 212 0 777 1294 1 6 777.500000000 1297.113039768 true
polygon 212 0 777 1294 1 6 777,1294 778,1294 778,1300 777,1300 777,1294
section 212 1 778 1287 96 16 826.000000000 1294.814848978 true
polygon 212 1 778 1287 96 16 778,1292 780,1292 780,1291 790,1291 790,1290 817,1290 817,1289 838,1289 838,1288 857,1288 857,1287 872,1287 872,1288 874,1288 874,1297 873,1297 873,1298 871,1298 871,1299 849,1299 849,1300 829,1300 829,1301 810,1301 810,1302 789,1302 789,1303 780,1303 780,1302 778,1302 778,1292
section 212 2 874 1290 1 5 874.500000000 1292.516658189 true
polygon 212 2 874 1290 1 5 874,1290 875,1290 875,1295 874,1295 874,1290
line 212 0 777.000000000 1297.136732456 874.000000000 1292.540350877 11.635416667
item 212 0 0 777.000000000 1297.136732456 875.000000000 1292.492965500 11.635416667
jitter 212 0.003350940 0.003180780 0.836706994
spot 213 system 2 1019 1294 127 20 1475
meanheight 213 11.614173228
meandist 213 0.3410164767814121
structwidth 213 124.000000000
slopegap 213 0.000000000
section 213 0 1019 1306 1 3 1019.500000000 1307.899144768 true
polygon 213 0 1019 1306 1 3 1019,1306 1020,1306 1020,1309 1019,1309 1019,1306
section 213 1 1020 1304 1 7 1020.500000000 1307.833349331 true
polygon 213 1 1020 1304 1 7 1020,1304 1021,1304 1021,1311 1020,1311 1020,1304
section 213 2 1021 1294 124 20 1083.000000000 1303.721134540 true
polygon 213 2 1021 1294 124 20 1021,1303 1022,1303 1022,1302 1024,1302 1024,1301 1044,1301 1044,1300 1060,1300 1060,1299 1073,1299 1073,1298 1090,1298 1090,1297 1105,1297 1105,1296 1118,1296 1118,1295 1131,1295 1131,1294 1143,1294 1143,1295 1145,1295 1145,1305 1143,1305 1143,1306 1130,1306 1130,1307 1115,1307 1115,1308 1101,1308 1101,1309 1089,1309 1089,1310 1070,1310 1070,1311 1054,1311 1054,1312 1038,1312 1038,1313 1026,1313 1026,1314 1023,1314 1023,1313 1021,1313 1021,1303
section 213 3 1145 1297 1 6 1145.500000000 1299.608919748 true
polygon 213 3 1145 1297 1 6 1145,1297 1146,1297 1146,1303 1145,1303 1145,1297
line 213 0 1019.000000000 1307.932042486 1145.000000000 1299.641817467 11.766129032
item 213 0 0 1019.000000000 1307.932042486 1146.000000000 1299.576022030 11.766129032
jitter 213 0.002710862 0.002514418 0.869368002
spot 214 system 2 1194 1296 13 13 122
reject 214 too narrow
spot 215 system 2 1485 1297 154 12 1828
meanheight 215 11.870129870
meandist 215 0.16007269784340897
structwidth 215 152.000000000
slopegap 215 0.000000000
section 215 0 1485 1300 1 6 1485.500000000 1303.000000000 true
polygon 215 0 1485 1300 1 6 1485,1300 1486,1300 1486,1306 1485,1306 1485,1300
section 215 1 1486 1297 152 12 1562.000000000 1303.000000000 true
polygon 215 1 1486 1297 152 12 1486,1298 1488,1298 1488,1297 1636,1297 1636,1298 1638,1298 1638,1308 1636,1308 1636,1309 1488,1309 1488,1308 1486,1308 1486,1298
section 215 2 1638 1300 1 6 1638.500000000 1303.000000000 true
polygon 215 2 1638 1300 1 6 1638,1300 1639,1300 1639,1306 1638,1306 1638,1300
line 215 0 1485.000000000 1303.000000000 1638.000000000 1303.000000000 11.947368421
item 215 0 0 1485.000000000 1303.000000000 1639.000000000 1303.000000000 11.947368421
jitter 215 0.000744790 0.000744790 0.962760497
spot 216 system 2 1694 1303 149 12 1689
meanheight 216 11.335570470
meandist 216 0.2720500815704799
structwidth 216 147.000000000
slopegap 216 0.000000000
section 216 0 1694 1306 1 6 1694.500000000 1309.543050319 true
polygon 216 0 1694 1306 1 6 1694,1306 1695,1306 1695,1312 1694,1312 1694,1306
section 216 1 1695 1303 147 12 1768.500000000 1309.266841205 true
polygon 216 1 1695 1303 147 12 1695,1304 1697,1304 1697,1303 1703,1303 1703,1304 1776,1304 1776,1303 1789,1303 1789,1304 1795,1304 1795,1303 1840,1303 1840,1304 1842,1304 1842,1314 1840,1314 1840,1315 1697,1315 1697,1314 1695,1314 1695,1304
section 216 2 1842 1306 1 6 1842.500000000 1308.990632091 true
polygon 216 2 1842 1306 1 6 1842,1306 1843,1306 1843,1312 1842,1312 1842,1306
line 216 0 1694.000000000 1309.544916597 1842.000000000 1308.992498369 11.408163265
item 216 0 0 1694.000000000 1309.544916597 1843.000000000 1308.988765814 11.408163265
jitter 216 0.002516158 0.000782760 0.917527054
spot 217 system 2 1512 1489 112 16 1308
meanheight 217 11.678571429
meandist 217 0.35365450337698184
structwidth 217 110.000000000
slopegap 217 0.000000000
section 217 0 1512 1496 1 6 1512.500000000 1498.661812772 true
polygon 217 0 1512 1496 1 6 1512,1496 1513,1496 1513,1502 1512,1502 1512,1496
section 217 1 1513 1489 110 16 1568.000000000 1496.709686000 true
polygon 217 1 1513 1489 110 16 1513,1494 1515,1494 1515,1493 1522,1493 1522,1492 1548,1492 1548,1491 1577,1491 1577,1490 1603,1490 1603,1489 1621,1489 1621,1490 1623,1490 1623,1500 1621,1500 1621,1501 1606,1501 1606,1502 1573,1502 1573,1503 1566,1503 1566,1502 1563,1502 1563,1503 1540,1503 1540,1504 1518,1504 1518,1505 1515,1505 1515,1504 1513,1504 1513,1494
section 217 2 1623 1492 1 6 1623.500000000 1494.757559227 true
polygon 217 2 1623 1492 1 6 1623,1492 1624,1492 1624,1498 1623,1498 1623,1492
line 217 0 1512.000000000 1498.679399500 1623.000000000 1494.775145955 11.781818182
item 217 0 0 1512.000000000 1498.679399500 1624.000000000 1494.739972500 11.781818182
jitter 217 0.002952840 0.002989529 0.851440793
spot 218 system 2 1863 1504 137 19 1605
meanheight 218 11.715328467
meandist 218 0.3304766718440732
structwidth 218 134.000000000
slopegap 218 0.000000000
section 218 0 1863 1507 1 6 1863.500000000 1510.291299143 true
polygon 218 0 1863 1507 1 6 1863,1507 1864,1507 1864,1513 1863,1513 1863,1507
section 218 1 1864 1504 134 19 1931.000000000 1513.749496877 true
polygon 218 1 1864 1504 134 19 1864,1505 1866,1505 1866,1504 1871,1504 1871,1505 1888,1505 1888,1506 1904,1506 1904,1507 1923,1507 1923,1508 1944,1508 1944,1509 1965,1509 1965,1510 1986,1510 1986,1511 1996,1511 1996,1512 1998,1512 1998,1522 1997,1522 1997,1523 1987,1523 1987,1522 1969,1522 1969,1521 1947,1521 1947,1520 1928,1520 1928,1519 1906,1519 1906,1518 1891,1518 1891,1517 1867,1517 1867,1516 1865,1516 1865,1515 1864,1515 1864,1505
section 218 2 1998 1514 1 8 1998.500000000 1517.207694610 true
polygon 218 2 1998 1514 1 8 1998,1514 1999,1514 1999,1522 1998,1522 1998,1514
section 218 3 1999 1517 1 3 1999.500000000 1517.258927169 true
polygon 218 3 1999 1517 1 3 1999,1517 2000,1517 2000,1520 1999,1520 1999,1517
line 218 0 1863.000000000 1510.265682864 1999.000000000 1517.233310889 11.850746269
item 218 0 0 1863.000000000 1510.265682864 2000.000000000 1517.284543448 11.850746269
jitter 218 0.002369107 0.002291496 0.883484921
spot 219 system 3 234 1283 76 15 887
meanheight 219 11.671052632
meandist 219 0.3536076563353416
structwidth 219 74.000000000
slopegap 219 0.000000000
section 219 0 234 1289 1 6 234.500000000 1291.980788597 true
polygon 219 0 234 1289 1 6 234,1289 235,1289 235,1295 234,1295 234,1289
section 219 1 235 1283 74 15 272.000000000 1290.664887079 true
polygon 219 1 235 1283 74 15 235,1287 237,1287 237,1286 250,1286 250,1285 280,1285 280,1284 302,1284 302,1283 307,1283 307,1284 309,1284 309,1294 308,1294 308,1295 306,1295 306,1296 276,1296 276,1297 244,1297 244,1298 237,1298 237,1297 235,1297 235,1287
section 219 2 309 1286 1 6 309.500000000 1289.348985561 true
polygon 219 2 309 1286 1 6 309,1286 310,1286 310,1292 309,1292 309,1286
line 219 0 234.000000000 1291.998333950 309.000000000 1289.366530914 11.824324324
item 219 0 0 234.000000000 1291.998333950 310.000000000 1289.331440207 11.824324324
jitter 219 0.004282402 0.004110517 0.790177031
spot 220 system 3 777 1287 98 16 1128
meanheight 220 11.510204082
meandist 220 0.35406546324467264
structwidth 220 96.000000000
slopegap 220 0.000000000
section 220 0 777 1294 1 6 777.500000000 1297.113039768 true
polygon 220 0 777 1294 1 6 777,1294 778,1294 778,1300 777,1300 777,1294
section 220 1 778 1287 96 16 826.000000000 1294.814848978 true
polygon 220 1 778 1287 96 16 778,1292 780,1292 780,1291 790,1291 790,1290 817,1290 817,1289 838,1289 838,1288 857,1288 857,1287 872,1287 872,1288 874,1288 874,1297 873,1297 873,1298 871,1298 871,1299 849,1299 849,1300 829,1300 829,1301 810,1301 810,1302 789,1302 789,1303 780,1303 780,1302 778,1302 778,1292
section 220 2 874 1290 1 5 874.500000000 1292.516658189 true
polygon 220 2 874 1290 1 5 874,1290 875,1290 875,1295 874,1295 874,1290
line 220 0 777.000000000 1297.136732456 874.000000000 1292.540350877 11.635416667
item 220 0 0 777.000000000 1297.136732456 875.000000000 1292.492965500 11.635416667
jitter 220 0.003350940 0.003180780 0.836706994
spot 221 system 3 1019 1294 127 20 1475
meanheight 221 11.614173228
meandist 221 0.3410164767814121
structwidth 221 124.000000000
slopegap 221 0.000000000
section 221 0 1019 1306 1 3 1019.500000000 1307.899144768 true
polygon 221 0 1019 1306 1 3 1019,1306 1020,1306 1020,1309 1019,1309 1019,1306
section 221 1 1020 1304 1 7 1020.500000000 1307.833349331 true
polygon 221 1 1020 1304 1 7 1020,1304 1021,1304 1021,1311 1020,1311 1020,1304
section 221 2 1021 1294 124 20 1083.000000000 1303.721134540 true
polygon 221 2 1021 1294 124 20 1021,1303 1022,1303 1022,1302 1024,1302 1024,1301 1044,1301 1044,1300 1060,1300 1060,1299 1073,1299 1073,1298 1090,1298 1090,1297 1105,1297 1105,1296 1118,1296 1118,1295 1131,1295 1131,1294 1143,1294 1143,1295 1145,1295 1145,1305 1143,1305 1143,1306 1130,1306 1130,1307 1115,1307 1115,1308 1101,1308 1101,1309 1089,1309 1089,1310 1070,1310 1070,1311 1054,1311 1054,1312 1038,1312 1038,1313 1026,1313 1026,1314 1023,1314 1023,1313 1021,1313 1021,1303
section 221 3 1145 1297 1 6 1145.500000000 1299.608919748 true
polygon 221 3 1145 1297 1 6 1145,1297 1146,1297 1146,1303 1145,1303 1145,1297
line 221 0 1019.000000000 1307.932042486 1145.000000000 1299.641817467 11.766129032
item 221 0 0 1019.000000000 1307.932042486 1146.000000000 1299.576022030 11.766129032
jitter 221 0.002710862 0.002514418 0.869368002
spot 222 system 3 1194 1296 13 13 122
reject 222 too narrow
spot 223 system 3 1485 1297 154 12 1828
meanheight 223 11.870129870
meandist 223 0.16007269784340897
structwidth 223 152.000000000
slopegap 223 0.000000000
section 223 0 1485 1300 1 6 1485.500000000 1303.000000000 true
polygon 223 0 1485 1300 1 6 1485,1300 1486,1300 1486,1306 1485,1306 1485,1300
section 223 1 1486 1297 152 12 1562.000000000 1303.000000000 true
polygon 223 1 1486 1297 152 12 1486,1298 1488,1298 1488,1297 1636,1297 1636,1298 1638,1298 1638,1308 1636,1308 1636,1309 1488,1309 1488,1308 1486,1308 1486,1298
section 223 2 1638 1300 1 6 1638.500000000 1303.000000000 true
polygon 223 2 1638 1300 1 6 1638,1300 1639,1300 1639,1306 1638,1306 1638,1300
line 223 0 1485.000000000 1303.000000000 1638.000000000 1303.000000000 11.947368421
item 223 0 0 1485.000000000 1303.000000000 1639.000000000 1303.000000000 11.947368421
jitter 223 0.000744790 0.000744790 0.962760497
spot 224 system 3 1694 1303 149 12 1689
meanheight 224 11.335570470
meandist 224 0.2720500815704799
structwidth 224 147.000000000
slopegap 224 0.000000000
section 224 0 1694 1306 1 6 1694.500000000 1309.543050319 true
polygon 224 0 1694 1306 1 6 1694,1306 1695,1306 1695,1312 1694,1312 1694,1306
section 224 1 1695 1303 147 12 1768.500000000 1309.266841205 true
polygon 224 1 1695 1303 147 12 1695,1304 1697,1304 1697,1303 1703,1303 1703,1304 1776,1304 1776,1303 1789,1303 1789,1304 1795,1304 1795,1303 1840,1303 1840,1304 1842,1304 1842,1314 1840,1314 1840,1315 1697,1315 1697,1314 1695,1314 1695,1304
section 224 2 1842 1306 1 6 1842.500000000 1308.990632091 true
polygon 224 2 1842 1306 1 6 1842,1306 1843,1306 1843,1312 1842,1312 1842,1306
line 224 0 1694.000000000 1309.544916597 1842.000000000 1308.992498369 11.408163265
item 224 0 0 1694.000000000 1309.544916597 1843.000000000 1308.988765814 11.408163265
jitter 224 0.002516158 0.000782760 0.917527054
spot 225 system 3 1512 1489 112 16 1308
meanheight 225 11.678571429
meandist 225 0.35365450337698184
structwidth 225 110.000000000
slopegap 225 0.000000000
section 225 0 1512 1496 1 6 1512.500000000 1498.661812772 true
polygon 225 0 1512 1496 1 6 1512,1496 1513,1496 1513,1502 1512,1502 1512,1496
section 225 1 1513 1489 110 16 1568.000000000 1496.709686000 true
polygon 225 1 1513 1489 110 16 1513,1494 1515,1494 1515,1493 1522,1493 1522,1492 1548,1492 1548,1491 1577,1491 1577,1490 1603,1490 1603,1489 1621,1489 1621,1490 1623,1490 1623,1500 1621,1500 1621,1501 1606,1501 1606,1502 1573,1502 1573,1503 1566,1503 1566,1502 1563,1502 1563,1503 1540,1503 1540,1504 1518,1504 1518,1505 1515,1505 1515,1504 1513,1504 1513,1494
section 225 2 1623 1492 1 6 1623.500000000 1494.757559227 true
polygon 225 2 1623 1492 1 6 1623,1492 1624,1492 1624,1498 1623,1498 1623,1492
line 225 0 1512.000000000 1498.679399500 1623.000000000 1494.775145955 11.781818182
item 225 0 0 1512.000000000 1498.679399500 1624.000000000 1494.739972500 11.781818182
jitter 225 0.002952840 0.002989529 0.851440793
spot 226 system 3 1863 1504 137 19 1605
meanheight 226 11.715328467
meandist 226 0.3304766718440732
structwidth 226 134.000000000
slopegap 226 0.000000000
section 226 0 1863 1507 1 6 1863.500000000 1510.291299143 true
polygon 226 0 1863 1507 1 6 1863,1507 1864,1507 1864,1513 1863,1513 1863,1507
section 226 1 1864 1504 134 19 1931.000000000 1513.749496877 true
polygon 226 1 1864 1504 134 19 1864,1505 1866,1505 1866,1504 1871,1504 1871,1505 1888,1505 1888,1506 1904,1506 1904,1507 1923,1507 1923,1508 1944,1508 1944,1509 1965,1509 1965,1510 1986,1510 1986,1511 1996,1511 1996,1512 1998,1512 1998,1522 1997,1522 1997,1523 1987,1523 1987,1522 1969,1522 1969,1521 1947,1521 1947,1520 1928,1520 1928,1519 1906,1519 1906,1518 1891,1518 1891,1517 1867,1517 1867,1516 1865,1516 1865,1515 1864,1515 1864,1505
section 226 2 1998 1514 1 8 1998.500000000 1517.207694610 true
polygon 226 2 1998 1514 1 8 1998,1514 1999,1514 1999,1522 1998,1522 1998,1514
section 226 3 1999 1517 1 3 1999.500000000 1517.258927169 true
polygon 226 3 1999 1517 1 3 1999,1517 2000,1517 2000,1520 1999,1520 1999,1517
line 226 0 1863.000000000 1510.265682864 1999.000000000 1517.233310889 11.850746269
item 226 0 0 1863.000000000 1510.265682864 2000.000000000 1517.284543448 11.850746269
jitter 226 0.002369107 0.002291496 0.883484921
spot 227 system 3 413 1522 25 25 439
meanheight 227 17.560000000
reject 227 too steep
spot 228 system 3 461 1523 25 24 447
meanheight 228 17.880000000
meandist 228 null
reject 228 wavy or inconsistent borders
spot 229 system 3 1863 1524 23 13 255
meanheight 229 11.086956522
meandist 229 0.4420127713147105
structwidth 229 20.000000000
reject 229 too narrow width
spot 230 system 3 1972 1529 28 13 321
meanheight 230 11.464285714
meandist 230 0.40961292189177806
structwidth 230 26.000000000
slopegap 230 0.000000000
section 230 0 1972 1532 1 5 1972.500000000 1534.698376068 true
polygon 230 0 1972 1532 1 5 1972,1532 1973,1532 1973,1537 1972,1537 1972,1532
section 230 1 1973 1529 26 13 1986.000000000 1535.111452991 true
polygon 230 1 1973 1529 26 13 1973,1530 1975,1530 1975,1529 1997,1529 1997,1530 1999,1530 1999,1541 1997,1541 1997,1542 1992,1542 1992,1541 1976,1541 1976,1540 1974,1540 1974,1539 1973,1539 1973,1530
section 230 2 1999 1532 1 7 1999.500000000 1535.524529915 true
polygon 230 2 1999 1532 1 7 1999,1532 2000,1532 2000,1539 1999,1539 1999,1532
line 230 0 1972.000000000 1534.683076923 1999.000000000 1535.509230769 11.884615385
item 230 0 0 1972.000000000 1534.683076923 2000.000000000 1535.539829060 11.884615385
jitter 230 0.009870907 0.012622614 0.437661974
spot 231 system 3 229 1532 25 20 373
meanheight 231 14.920000000
meandist 231 null
reject 231 wavy or inconsistent borders
spot 232 system 3 508 1535 26 21 387
meanheight 232 14.884615385
meandist 232 null
reject 232 wavy or inconsistent borders
spot 233 system 3 642 1536 26 20 402
meanheight 233 15.461538462
meandist 233 0.9982122099684881
structwidth 233 20.000000000
reject 233 too narrow width
spot 234 system 3 1012 1539 26 20 397
meanheight 234 15.269230769
meandist 234 0.9883512443295294
structwidth 234 19.000000000
reject 234 too narrow width
spot 235 system 3 277 1543 26 24 461
meanheight 235 17.730769231
meandist 235 null
reject 235 wavy or inconsistent borders
spot 236 system 3 322 1543 25 24 444
meanheight 236 17.760000000
reject 236 too steep
spot 237 system 3 363 1543 25 25 457
meanheight 237 18.280000000
reject 237 too steep
spot 238 system 3 549 1545 25 24 443
meanheight 238 17.720000000
reject 238 too steep
spot 239 system 3 1702 1545 25 20 389
meanheight 239 15.560000000
meandist 239 0.7217533451746078
structwidth 239 17.000000000
reject 239 too narrow width
spot 240 system 3 911 1548 26 24 474
meanheight 240 18.230769231
meandist 240 null
reject 240 wavy or inconsistent borders
spot 241 system 3 1117 1550 26 24 466
meanheight 241 17.923076923
meandist 241 null
reject 241 wavy or inconsistent borders
spot 242 system 3 1171 1550 25 25 453
meanheight 242 18.120000000
reject 242 too steep
spot 243 system 3 1772 1554 26 25 476
meanheight 243 18.307692308
reject 243 too steep
spot 244 system 3 807 1559 25 21 394
meanheight 244 15.760000000
meandist 244 0.8904931605674284
structwidth 244 18.000000000
reject 244 too narrow width
spot 245 system 3 860 1559 25 21 393
meanheight 245 15.720000000
meandist 245 0.8945369951992688
structwidth 245 18.000000000
reject 245 too narrow width
spot 246 system 3 2271 1559 13 15 146
reject 246 too narrow
spot 247 system 3 1376 1562 26 21 406
meanheight 247 15.615384615
meandist 247 0.9805592501193903
structwidth 247 19.000000000
reject 247 too narrow width
spot 248 system 3 1229 1563 25 20 385
meanheight 248 15.400000000
meandist 248 0.8812190974789734
structwidth 248 18.000000000
reject 248 too narrow width
spot 249 system 3 1598 1565 25 21 392
meanheight 249 15.680000000
meandist 249 0.9068534616665807
structwidth 249 18.000000000
reject 249 too narrow width
spot 250 system 3 1285 1572 25 25 458
meanheight 250 18.320000000
reject 250 too steep
spot 251 system 3 1839 1576 26 25 466
meanheight 251 17.923076923
reject 251 too steep
spot 252 system 3 1488 1587 25 20 383
meanheight 252 15.320000000
meandist 252 0.692199050705461
structwidth 252 16.000000000
reject 252 too narrow width
spot 253 system 3 1546 1587 25 20 386
meanheight 253 15.440000000
meandist 253 0.9472047076254535
structwidth 253 19.000000000
reject 253 too narrow width
spot 254 system 3 1884 1589 25 20 387
meanheight 254 15.480000000
meandist 254 1.116262790953291
structwidth 254 22.000000000
slopegap 254 0.000000000
section 254 0 1884 1599 1 5 1884.500000000 1602.183863987 true
polygon 254 0 1884 1599 1 5 1884,1599 1885,1599 1885,1604 1884,1604 1884,1599
section 254 1 1885 1597 1 9 1885.500000000 1601.878131488 true
polygon 254 1 1885 1597 1 9 1885,1597 1886,1597 1886,1606 1885,1606 1885,1597
section 254 2 1886 1589 19 20 1895.500000000 1598.820806498 true
polygon 254 2 1886 1589 19 20 1886,1595 1887,1595 1887,1594 1888,1594 1888,1593 1889,1593 1889,1592 1891,1592 1891,1591 1893,1591 1893,1590 1895,1590 1895,1589 1904,1589 1904,1590 1905,1590 1905,1604 1904,1604 1904,1605 1903,1605 1903,1606 1901,1606 1901,1607 1900,1607 1900,1608 1898,1608 1898,1609 1888,1609 1888,1608 1886,1608 1886,1595
section 254 3 1905 1590 3 13 1906.500000000 1595.457749010 true
polygon 254 3 1905 1590 3 13 1905,1590 1906,1590 1906,1591 1908,1591 1908,1602 1906,1602 1906,1603 1905,1603 1905,1590
section 254 4 1908 1593 1 7 1908.500000000 1594.846284012 true
polygon 254 4 1908 1593 1 7 1908,1593 1909,1593 1909,1600 1908,1600 1908,1593
line 254 0 1884.000000000 1602.336730236 1908.000000000 1594.999150261 17.242579274
item 254 0 0 1884.000000000 1602.336730236 1909.000000000 1594.693417762 17.242579274
jitter 254 0.047677005 0.049431872 -1.427721906
spot 255 system 3 2065 1590 26 20 397
meanheight 255 15.269230769
meandist 255 0.636357421172985
structwidth 255 16.000000000
reject 255 too narrow width
spot 256 system 3 2228 1592 25 21 392
meanheight 256 15.680000000
meandist 256 0.9554306171387749
structwidth 256 18.000000000
reject 256 too narrow width
spot 257 system 3 1960 1594 11 10 80
reject 257 too narrow
spot 258 system 3 1951 1598 9 9 61
reject 258 too narrow
spot 259 system 3 1973 1599 26 24 461
meanheight 259 17.730769231
meandist 259 null
reject 259 wavy or inconsistent borders
spot 260 system 3 412 1607 139 17 1774
meanheight 260 12.762589928
meandist 260 0.36997694162266725
structwidth 260 137.000000000
slopegap 260 0.000000000
section 260 0 412 1610 1 6 412.500000000 1613.160989975 true
polygon 260 0 412 1610 1 6 412,1610 413,1610 413,1616 412,1616 412,1610
section 260 1 413 1607 137 17 481.500000000 1615.053862453 true
polygon 260 1 413 1607 137 17 413,1608 415,1608 415,1607 428,1607 428,1608 454,1608 454,1609 548,1609 548,1610 550,1610 550,1623 548,1623 548,1624 530,1624 530,1623 506,1623 506,1622 481,1622 481,1621 457,1621 457,1620 435,1620 435,1619 415,1619 415,1618 413,1618 413,1608
section 260 2 550 1612 1 9 550.500000000 1616.946734930 true
polygon 260 2 550 1612 1 9 550,1612 551,1612 551,1621 550,1621 550,1612
line 260 0 412.000000000 1613.147273508 550.000000000 1616.933018463 12.839416058
item 260 0 0 412.000000000 1613.147273508 551.000000000 1616.960451397 12.839416058
jitter 260 0.002979803 0.002188381 0.870795384
spot 261 system 3 1094 1613 25 12 275
meanheight 261 11.000000000
meandist 261 0.48030983488474394
structwidth 261 23.000000000
slopegap 261 0.000000000
section 261 0 1094 1616 1 5 1094.500000000 1618.697134387 true
polygon 261 0 1094 1616 1 5 1094,1616 1095,1616 1095,1621 1094,1621 1094,1616
section 261 1 1095 1613 23 12 1106.500000000 1618.922430830 true
polygon 261 1 1095 1613 23 12 1095,1614 1097,1614 1097,1613 1116,1613 1116,1614 1118,1614 1118,1624 1116,1624 1116,1625 1099,1625 1099,1624 1097,1624 1097,1623 1095,1623 1095,1614
section 261 2 1118 1616 1 6 1118.500000000 1619.147727273 true
polygon 261 2 1118 1616 1 6 1118,1616 1119,1616 1119,1622 1118,1622 1118,1616
line 261 0 1094.000000000 1618.687747036 1118.000000000 1619.138339921 11.478260870
item 261 0 0 1094.000000000 1618.687747036 1119.000000000 1619.157114624 11.478260870
jitter 261 0.011741741 0.019236471 0.225544699
spot 262 system 3 228 1616 136 15 1558
meanheight 262 11.455882353
meandist 262 0.3274976914094382
structwidth 262 134.000000000
slopegap 262 0.000000000
section 262 0 228 1619 1 5 228.500000000 1621.649683288 true
polygon 262 0 228 1619 1 5 228,1619 229,1619 229,1624 228,1624 228,1619
section 262 1 229 1616 134 15 296.000000000 1623.449902118 true
polygon 262 1 229 1616 134 15 229,1617 231,1617 231,1616 252,1616 252,1617 292,1617 292,1618 326,1618 326,1619 361,1619 361,1620 363,1620 363,1630 361,1630 361,1631 343,1631 343,1630 307,1630 307,1629 271,1629 271,1628 232,1628 232,1627 230,1627 230,1626 229,1626 229,1617
section 262 2 363 1622 1 6 363.500000000 1625.250120949 true
polygon 262 2 363 1622 1 6 363,1622 364,1622 364,1628 363,1628 363,1622
line 262 0 228.000000000 1621.636348334 363.000000000 1625.236785995 11.544776119
item 262 0 0 228.000000000 1621.636348334 364.000000000 1625.263455903 11.544776119
jitter 262 0.002200414 0.002248096 0.888787261
spot 263 system 3 1950 1616 21 13 165
meanheight 263 7.857142857
reject 263 too slim
spot 264 system 3 411 1627 139 17 1588
meanheight 264 11.424460432
meandist 264 0.3404782626404143
structwidth 264 136.000000000
slopegap 264 0.000000000
section 264 0 411 1631 1 3 411.500000000 1633.158519393 true
polygon 264 0 411 1631 1 3 411,1631 412,1631 412,1634 411,1634 411,1631
section 264 1 412 1629 1 7 412.500000000 1633.197036162 true
polygon 264 1 412 1629 1 7 412,1629 413,1629 413,1636 412,1636 412,1629
section 264 2 413 1627 136 17 481.000000000 1635.835434855 true
polygon 264 2 413 1627 136 17 413,1628 415,1628 415,1627 422,1627 422,1628 440,1628 440,1629 464,1629 464,1630 494,1630 494,1631 516,1631 516,1632 547,1632 547,1633 549,1633 549,1643 547,1643 547,1644 531,1644 531,1643 502,1643 502,1642 481,1642 481,1641 449,1641 449,1640 425,1640 425,1639 415,1639 415,1638 413,1638 413,1628
section 264 3 549 1635 1 6 549.500000000 1638.473833548 true
polygon 264 3 549 1635 1 6 549,1635 550,1635 550,1641 549,1641 549,1635
line 264 0 411.000000000 1633.139261009 549.000000000 1638.454575163 11.558823529
item 264 0 0 411.000000000 1633.139261009 550.000000000 1638.493091933 11.558823529
jitter 264 0.002378678 0.002418651 0.880066757
spot 265 system 3 1011 1632 108 14 1230
meanheight 265 11.388888889
meandist 265 0.3756785261773747
structwidth 265 106.000000000
slopegap 265 0.000000000
section 265 0 1011 1635 1 5 1011.500000000 1637.645917828 true
polygon 265 0 1011 1635 1 5 1011,1635 1012,1635 1012,1640 1011,1640 1011,1635
section 265 1 1012 1632 106 14 1065.000000000 1639.127049903 true
polygon 265 1 1012 1632 106 14 1012,1633 1014,1633 1014,1632 1040,1632 1040,1633 1064,1633 1064,1634 1110,1634 1110,1635 1116,1635 1116,1636 1118,1636 1118,1645 1116,1645 1116,1646 1086,1646 1086,1645 1052,1645 1052,1644 1015,1644 1015,1643 1013,1643 1013,1642 1012,1642 1012,1633
section 265 2 1118 1638 1 5 1118.500000000 1640.608181978 true
polygon 265 2 1118 1638 1 5 1118,1638 1119,1638 1119,1643 1118,1643 1118,1638
line 265 0 1011.000000000 1637.632075472 1118.000000000 1640.594339623 11.509433962
item 265 0 0 1011.000000000 1637.632075472 1119.000000000 1640.622024334 11.509433962
jitter 265 0.003356434 0.002844585 0.844974519
spot 266 system 3 228 1636 136 14 1553
meanheight 266 11.419117647
meandist 266 0.3370212234369111
structwidth 266 134.000000000
slopegap 266 0.000000000
section 266 0 228 1639 1 5 228.500000000 1641.442610257 true
polygon 266 0 228 1639 1 5 228,1639 229,1639 229,1644 228,1644 228,1639
section 266 1 229 1636 134 14 296.000000000 1642.943956907 true
polygon 266 1 229 1636 134 14 229,1637 231,1637 231,1636 263,1636 263,1637 309,1637 309,1638 361,1638 361,1639 363,1639 363,1649 361,1649 361,1650 328,1650 328,1649 326,1649 326,1650 322,1650 322,1649 289,1649 289,1648 246,1648 246,1647 231,1647 231,1646 229,1646 229,1637
section 266 2 363 1641 1 6 363.500000000 1644.445303557 true
polygon 266 2 363 1641 1 6 363,1641 364,1641 364,1647 363,1647 363,1641
line 266 0 228.000000000 1641.431489171 363.000000000 1644.434182471 11.507462687
item 266 0 0 228.000000000 1641.431489171 364.000000000 1644.456424644 11.507462687
jitter 266 0.002203222 0.002416083 0.884517393
spot 267 system 3 1700 1636 74 15 880
meanheight 267 11.891891892
meandist 267 0.3401112345951546
structwidth 267 72.000000000
slopegap 267 0.000000000
section 267 0 1700 1639 1 6 1700.500000000 1642.426590938 true
polygon 267 0 1700 1639 1 6 1700,1639 1701,1639 1701,1645 1700,1645 1700,1639
section 267 1 1701 1636 72 15 1737.000000000 1643.493785774 true
polygon 267 1 1701 1636 72 15 1701,1637 1703,1637 1703,1636 1709,1636 1709,1637 1736,1637 1736,1638 1771,1638 1771,1639 1773,1639 1773,1650 1771,1650 1771,1651 1767,1651 1767,1650 1737,1650 1737,1649 1704,1649 1704,1648 1702,1648 1702,1647 1701,1647 1701,1637
section 267 2 1773 1641 1 7 1773.500000000 1644.560980610 true
polygon 267 2 1773 1641 1 7 1773,1641 1774,1641 1774,1648 1773,1648 1773,1641
line 267 0 1700.000000000 1642.411971831 1773.000000000 1644.546361502 12.041666667
item 267 0 0 1700.000000000 1642.411971831 1774.000000000 1644.575599717 12.041666667
jitter 267 0.004277516 0.004138104 0.789609497
spot 268 system 3 805 1639 108 17 1259
meanheight 268 11.657407407
meandist 268 0.3663257297319902
structwidth 268 106.000000000
slopegap 268 0.000000000
section 268 0 805 1647 1 5 805.500000000 1650.158563619 true
polygon 268 0 805 1647 1 5 805,1647 806,1647 806,1652 805,1652 805,1647
section 268 1 806 1639 106 17 859.000000000 1647.513011059 true
polygon 268 1 806 1639 106 17 806,1645 808,1645 808,1644 820,1644 820,1643 844,1643 844,1642 858,1642 858,1641 882,1641 882,1640 903,1640 903,1639 910,1639 910,1640 912,1640 912,1650 910,1650 910,1651 899,1651 899,1652 878,1652 878,1653 859,1653 859,1654 839,1654 839,1655 818,1655 818,1656 809,1656 809,1655 807,1655 807,1654 806,1654 806,1645
section 268 2 912 1642 1 6 912.500000000 1644.867458498 true
polygon 268 2 912 1642 1 6 912,1642 913,1642 913,1648 912,1648 912,1642
line 268 0 805.000000000 1650.183288410 912.000000000 1644.892183288 11.773584906
item 268 0 0 805.000000000 1650.183288410 913.000000000 1644.842733708 11.773584906
jitter 268 0.003011586 0.003039451 0.848724075
spot 269 system 3 1169 1646 116 16 1355
meanheight 269 11.681034483
meandist 269 0.318213973778382
structwidth 269 111.000000000
slopegap 269 0.000000000
section 269 0 1169 1649 1 3 1169.500000000 1651.774437668 true
polygon 269 0 1169 1649 1 3 1169,1649 1170,1649 1170,1652 1169,1652 1169,1649
section 269 1 1170 1646 3 11 1171.500000000 1651.842979262 true
polygon 269 1 1170 1646 3 11 1170,1647 1172,1647 1172,1646 1173,1646 1173,1657 1171,1657 1171,1655 1170,1655 1170,1647
section 269 2 1173 1646 111 16 1228.500000000 1653.796414678 true
polygon 269 2 1173 1646 111 16 1173,1646 1191,1646 1191,1647 1216,1647 1216,1648 1250,1648 1250,1649 1276,1649 1276,1650 1282,1650 1282,1651 1284,1651 1284,1661 1282,1661 1282,1662 1279,1662 1279,1661 1254,1661 1254,1660 1221,1660 1221,1659 1190,1659 1190,1658 1173,1658 1173,1646
section 269 3 1284 1653 1 6 1284.500000000 1655.715579297 true
polygon 269 3 1284 1653 1 6 1284,1653 1285,1653 1285,1659 1284,1659 1284,1653
line 269 0 1169.000000000 1651.757302270 1284.000000000 1655.698443898 11.864864865
item 269 0 0 1169.000000000 1651.757302270 1285.000000000 1655.732714695 11.864864865
jitter 269 0.002911411 0.002699530 0.859726473
spot 270 system 3 642 1731 26 21 430
meanheight 270 16.538461538
meandist 270 0.9156717344265309
structwidth 270 18.000000000
reject 270 too narrow width
spot 271 system 3 1012 1734 26 22 427
meanheight 271 16.423076923
meandist 271 null
reject 271 wavy or inconsistent borders
spot 272 system 3 322 1737 26 20 377
meanheight 272 14.500000000
meandist 272 null
reject 272 wavy or inconsistent borders
spot 273 system 3 507 1738 26 20 381
meanheight 273 14.653846154
meandist 273 0.9086197827451608
structwidth 273 21.000000000
slopegap 273 0.000000000
section 273 0 507 1749 1 3 507.500000000 1751.151324049 true
polygon 273 0 507 1749 1 3 507,1749 508,1749 508,1752 507,1752 507,1749
section 273 1 508 1747 1 7 508.500000000 1750.845418945 true
polygon 273 1 508 1747 1 7 508,1747 509,1747 509,1754 508,1754 508,1747
section 273 2 509 1745 2 11 510.000000000 1750.386561290 true
polygon 273 2 509 1745 2 11 509,1746 510,1746 510,1745 511,1745 511,1756 510,1756 510,1755 509,1755 509,1746
section 273 3 511 1738 18 20 520.000000000 1747.327510253 true
polygon 273 3 511 1738 18 20 511,1743 512,1743 512,1742 513,1742 513,1741 515,1741 515,1740 517,1740 517,1739 519,1739 519,1738 529,1738 529,1753 528,1753 528,1754 526,1754 526,1755 524,1755 524,1756 522,1756 522,1757 518,1757 518,1758 514,1758 514,1757 512,1757 512,1756 511,1756 511,1743
section 273 4 529 1739 3 13 530.500000000 1744.115506664 true
polygon 273 4 529 1739 3 13 529,1739 531,1739 531,1740 532,1740 532,1751 530,1751 530,1752 529,1752 529,1739
section 273 5 532 1742 1 7 532.500000000 1743.503696457 true
polygon 273 5 532 1742 1 7 532,1742 533,1742 533,1749 532,1749 532,1742
line 273 0 507.000000000 1751.304276601 532.000000000 1743.656649009 17.099646844
item 273 0 0 507.000000000 1751.304276601 533.000000000 1743.350743905 17.099646844
jitter 273 0.051373532 0.051536995 -1.572763158
spot 274 system 3 1701 1738 26 23 430
meanheight 274 16.538461538
meandist 274 null
reject 274 wavy or inconsistent borders
spot 275 system 3 757 1739 27 21 401
meanheight 275 14.851851852
meandist 275 0.9396230909299315
structwidth 275 21.000000000
slopegap 275 0.000000000
section 275 0 757 1751 1 3 757.500000000 1753.568532221 true
polygon 275 0 757 1751 1 3 757,1751 758,1751 758,1754 757,1754 757,1751
section 275 1 758 1749 1 7 758.500000000 1753.245091232 true
polygon 275 1 758 1749 1 7 758,1749 759,1749 759,1756 758,1756 758,1749
section 275 2 759 1746 3 12 760.500000000 1752.598209254 true
polygon 275 2 759 1746 3 12 759,1748 760,1748 760,1747 761,1747 761,1746 762,1746 762,1758 760,1758 760,1757 759,1757 759,1748
section 275 3 762 1739 18 21 771.000000000 1749.202078871 true
polygon 275 3 762 1739 18 21 762,1745 763,1745 763,1744 764,1744 764,1743 765,1743 765,1742 767,1742 767,1741 769,1741 769,1740 773,1740 773,1739 778,1739 778,1740 780,1740 780,1755 778,1755 778,1756 777,1756 777,1757 775,1757 775,1758 773,1758 773,1759 771,1759 771,1760 765,1760 765,1759 762,1759 762,1745
section 275 4 780 1741 3 13 781.500000000 1745.805948489 true
polygon 275 4 780 1741 3 13 780,1741 781,1741 781,1742 782,1742 782,1743 783,1743 783,1753 782,1753 782,1754 780,1754 780,1741
section 275 5 783 1745 1 6 783.500000000 1745.159066511 true
polygon 275 5 783 1745 1 6 783,1745 784,1745 784,1751 783,1751 783,1745
line 275 0 757.000000000 1753.730252715 783.000000000 1745.320787005 17.671295663
item 275 0 0 757.000000000 1753.730252715 784.000000000 1744.997346017 17.671295663
jitter 275 0.058101717 0.052232244 -1.758349015
spot 276 system 3 691 1740 26 21 389
meanheight 276 14.961538462
meandist 276 1.0611762048141282
structwidth 276 21.000000000
slopegap 276 0.000000000
section 276 0 691 1751 1 5 691.500000000 1754.408591080 true
polygon 276 0 691 1751 1 5 691,1751 692,1751 692,1756 691,1756 691,1751
section 276 1 692 1747 3 12 693.500000000 1753.690847858 true
polygon 276 1 692 1747 3 12 692,1749 693,1749 693,1748 694,1748 694,1747 695,1747 695,1759 693,1759 693,1758 692,1758 692,1749
section 276 2 695 1740 18 21 704.000000000 1749.922695944 true
polygon 276 2 695 1740 18 21 695,1746 696,1746 696,1745 697,1745 697,1744 698,1744 698,1743 700,1743 700,1742 702,1742 702,1741 705,1741 705,1740 711,1740 711,1741 713,1741 713,1755 712,1755 712,1756 711,1756 711,1757 710,1757 710,1758 708,1758 708,1759 706,1759 706,1760 703,1760 703,1761 699,1761 699,1760 695,1760 695,1746
section 276 3 713 1742 3 12 714.500000000 1746.154544031 true
polygon 276 3 713 1742 3 12 713,1742 714,1742 714,1743 715,1743 715,1744 716,1744 716,1753 714,1753 714,1754 713,1754 713,1742
section 276 4 716 1746 1 5 716.500000000 1745.436800809 false
polygon 276 4 716 1746 1 5 716,1746 717,1746 717,1751 716,1751 716,1746
line 276 0 691.000000000 1754.588026885 716.000000000 1745.616236614 17.634256095
item 276 0 0 691.000000000 1754.588026885 716.000000000 1745.616236614 17.634256095
jitter 276 0.058248100 0.054512279 -1.819009484
spot 277 system 3 277 1747 26 22 432
meanheight 277 16.615384615
meandist 277 1.0153591869205256
structwidth 277 18.000000000
reject 277 too narrow width
spot 278 system 3 460 1748 25 22 412
meanheight 278 16.480000000
meandist 278 1.0152473258614239
structwidth 278 18.000000000
reject 278 too narrow width
spot 279 system 3 806 1752 26 22 420
meanheight 279 16.153846154
meandist 279 null
reject 279 wavy or inconsistent borders
spot 280 system 3 1376 1754 26 24 427
meanheight 280 16.423076923
meandist 280 null
reject 280 wavy or inconsistent borders
spot 281 system 3 228 1755 26 21 383
meanheight 281 14.730769231
meandist 281 0.8245840751975111
structwidth 281 17.000000000
reject 281 too narrow width
spot 282 system 3 362 1758 26 20 384
meanheight 282 14.769230769
meandist 282 1.244575456509379
structwidth 282 22.000000000
slopegap 282 0.000000000
section 282 0 362 1769 1 4 362.500000000 1773.542341844 false
polygon 282 0 362 1769 1 4 362,1769 363,1769 363,1773 362,1773 362,1769
section 282 1 363 1766 3 10 364.500000000 1772.798574040 true
polygon 282 1 363 1766 3 10 363,1767 365,1767 365,1766 366,1766 366,1776 364,1776 364,1775 363,1775 363,1767
section 282 2 366 1758 19 20 375.500000000 1768.707851114 true
polygon 282 2 366 1758 19 20 366,1765 367,1765 367,1763 368,1763 368,1762 369,1762 369,1761 371,1761 371,1760 373,1760 373,1759 375,1759 375,1758 383,1758 383,1759 385,1759 385,1773 384,1773 384,1774 382,1774 382,1775 381,1775 381,1776 380,1776 380,1777 378,1777 378,1778 368,1778 368,1777 366,1777 366,1765
section 282 3 385 1760 2 11 386.000000000 1764.803070140 true
polygon 282 3 385 1760 2 11 385,1760 386,1760 386,1761 387,1761 387,1770 386,1770 386,1771 385,1771 385,1760
section 282 4 387 1763 1 5 387.500000000 1764.245244287 true
polygon 282 4 387 1763 1 5 387,1763 388,1763 388,1768 387,1768 387,1763
line 282 0 362.000000000 1773.728283795 387.000000000 1764.431186238 17.812328747
item 282 0 0 363.000000000 1773.356399893 388.000000000 1764.059302335 17.812328747
jitter 282 0.059806908 0.056867670 -1.916864435
spot 283 system 3 413 1758 25 20 379
meanheight 283 15.160000000
meandist 283 0.8004250519285216
structwidth 283 17.000000000
reject 283 too narrow width
spot 284 system 3 548 1759 27 20 392
meanheight 284 14.518518519
meandist 284 null
reject 284 wavy or inconsistent borders
spot 285 system 3 1171 1763 25 21 383
meanheight 285 15.320000000
meandist 285 1.009745736090524
structwidth 285 20.000000000
reject 285 too narrow width
spot 286 system 3 1816 1763 17 11 121
reject 286 too narrow
spot 287 system 3 1839 1770 25 21 388
meanheight 287 15.520000000
meandist 287 0.9950669239346667
structwidth 287 19.000000000
reject 287 too narrow width
spot 288 system 3 1147 1780 20 13 154
reject 288 too narrow
spot 289 system 3 1076 1784 26 20 399
meanheight 289 15.346153846
meandist 289 1.0610678741859685
structwidth 289 22.000000000
slopegap 289 0.000000000
section 289 0 1076 1794 1 5 1076.500000000 1799.104522529 false
polygon 289 0 1076 1794 1 5 1076,1794 1077,1794 1077,1799 1076,1799 1076,1794
section 289 1 1077 1791 3 11 1078.500000000 1798.416052908 true
polygon 289 1 1077 1791 3 11 1077,1792 1079,1792 1079,1791 1080,1791 1080,1802 1078,1802 1078,1801 1077,1801 1077,1792
section 289 2 1080 1784 19 20 1089.500000000 1794.629469991 true
polygon 289 2 1080 1784 19 20 1080,1790 1081,1790 1081,1789 1082,1789 1082,1788 1083,1788 1083,1787 1085,1787 1085,1786 1087,1786 1087,1785 1089,1785 1089,1784 1098,1784 1098,1785 1099,1785 1099,1799 1098,1799 1098,1800 1097,1800 1097,1801 1096,1801 1096,1802 1094,1802 1094,1803 1091,1803 1091,1804 1082,1804 1082,1803 1080,1803 1080,1790
section 289 3 1099 1785 2 13 1100.000000000 1791.015004479 true
polygon 289 3 1099 1785 2 13 1099,1785 1100,1785 1100,1786 1101,1786 1101,1798 1099,1798 1099,1785
section 289 4 1101 1788 1 8 1101.500000000 1790.498652263 true
polygon 289 4 1101 1788 1 8 1101,1788 1102,1788 1102,1796 1101,1796 1101,1788
line 289 0 1076.000000000 1799.276639934 1101.000000000 1790.670769668 17.999515587
item 289 0 0 1077.000000000 1798.932405123 1102.000000000 1790.326534858 17.999515587
jitter 289 0.047850620 0.050796790 -1.466185251
spot 290 system 3 1815 1784 21 13 164
meanheight 290 7.809523810
reject 290 too slim
spot 291 system 3 1255 1786 26 21 402
meanheight 291 15.461538462
meandist 291 0.9297533944800911
structwidth 291 18.000000000
reject 291 too narrow width
spot 292 system 3 1597 1789 26 20 389
meanheight 292 14.961538462
meandist 292 null
reject 292 wavy or inconsistent borders
spot 293 system 3 1772 1791 26 21 394
meanheight 293 15.153846154
meandist 293 0.9449001265941059
structwidth 293 18.000000000
reject 293 too narrow width
spot 294 system 3 1927 1792 26 20 394
meanheight 294 15.153846154
meandist 294 null
reject 294 wavy or inconsistent borders
spot 295 system 3 2175 1793 26 21 398
meanheight 295 15.307692308
meandist 295 0.8820138159135955
structwidth 295 18.000000000
reject 295 too narrow width
spot 296 system 3 2115 1803 26 24 458
meanheight 296 17.615384615
meandist 296 null
reject 296 wavy or inconsistent borders
spot 297 system 3 2268 1808 12 13 119
reject 297 too narrow
spot 298 system 3 1487 1810 26 20 387
meanheight 298 14.884615385
meandist 298 null
reject 298 wavy or inconsistent borders
spot 299 system 3 641 1811 26 12 292
meanheight 299 11.230769231
meandist 299 0.37267799680529845
structwidth 299 24.000000000
slopegap 299 0.000000000
section 299 0 641 1814 1 6 641.500000000 1817.000000000 true
polygon 299 0 641 1814 1 6 641,1814 642,1814 642,1820 641,1820 641,1814
section 299 1 642 1811 24 12 654.000000000 1817.000000000 true
polygon 299 1 642 1811 24 12 642,1812 644,1812 644,1811 664,1811 664,1812 666,1812 666,1822 664,1822 664,1823 644,1823 644,1822 642,1822 642,1812
section 299 2 666 1814 1 6 666.500000000 1817.000000000 true
polygon 299 2 666 1814 1 6 666,1814 667,1814 667,1820 666,1820 666,1814
line 299 0 641.000000000 1817.000000000 666.000000000 1817.000000000 11.666666667
item 299 0 0 641.000000000 1817.000000000 667.000000000 1817.000000000 11.666666667
jitter 299 0.011056915 0.011056915 0.447154254
spot 300 system 3 737 1811 23 12 256
meanheight 300 11.130434783
meandist 300 0.39267672719584124
structwidth 300 21.000000000
slopegap 300 0.000000000
section 300 0 737 1814 1 6 737.500000000 1817.000000000 true
polygon 300 0 737 1814 1 6 737,1814 738,1814 738,1820 737,1820 737,1814
section 300 1 738 1811 21 12 748.500000000 1817.000000000 true
polygon 300 1 738 1811 21 12 738,1812 740,1812 740,1811 757,1811 757,1812 759,1812 759,1822 757,1822 757,1823 740,1823 740,1822 738,1822 738,1812
section 300 2 759 1814 1 6 759.500000000 1817.000000000 true
polygon 300 2 759 1814 1 6 759,1814 760,1814 760,1820 759,1820 759,1814
line 300 0 737.000000000 1817.000000000 759.000000000 1817.000000000 11.619047619
item 300 0 0 737.000000000 1817.000000000 760.000000000 1817.000000000 11.619047619
jitter 300 0.013343139 0.013343139 0.332843033
spot 301 system 3 1545 1811 26 20 388
meanheight 301 14.923076923
meandist 301 0.9436366591023478
structwidth 301 19.000000000
reject 301 too narrow width
spot 302 system 3 2064 1815 27 20 401
meanheight 302 14.851851852
meandist 302 1.0951424321717942
structwidth 302 22.000000000
slopegap 302 0.000000000
section 302 0 2064 1825 1 5 2064.500000000 1829.942574392 true
polygon 302 0 2064 1825 1 5 2064,1825 2065,1825 2065,1830 2064,1830 2064,1825
section 302 1 2065 1822 3 11 2066.500000000 1829.255459088 true
polygon 302 1 2065 1822 3 11 2065,1823 2067,1823 2067,1822 2068,1822 2068,1833 2066,1833 2066,1832 2065,1832 2065,1823
section 302 2 2068 1815 19 20 2077.500000000 1825.476324917 true
polygon 302 2 2068 1815 19 20 2068,1821 2069,1821 2069,1820 2070,1820 2070,1819 2071,1819 2071,1818 2072,1818 2072,1817 2074,1817 2074,1816 2077,1816 2077,1815 2086,1815 2086,1816 2087,1816 2087,1830 2086,1830 2086,1831 2085,1831 2085,1832 2083,1832 2083,1833 2081,1833 2081,1834 2079,1834 2079,1835 2070,1835 2070,1834 2068,1834 2068,1821
section 302 3 2087 1816 1 13 2087.500000000 1822.040748398 true
polygon 302 3 2087 1816 1 13 2087,1816 2088,1816 2088,1829 2087,1829 2087,1816
section 302 4 2088 1817 2 10 2089.000000000 1821.525411921 true
polygon 302 4 2088 1817 2 10 2088,1817 2089,1817 2089,1818 2090,1818 2090,1826 2089,1826 2089,1827 2088,1827 2088,1817
section 302 5 2090 1820 1 4 2090.500000000 1821.010075443 true
polygon 302 5 2090 1820 1 4 2090,1820 2091,1820 2091,1824 2090,1824 2090,1820
line 302 0 2064.000000000 1830.114353218 2090.000000000 1821.181854269 17.872334988
item 302 0 0 2064.000000000 1830.114353218 2091.000000000 1820.838296617 17.872334988
jitter 302 0.054580954 0.055641669 -1.755565580
spot 303 system 3 2227 1816 26 21 403
meanheight 303 15.500000000
meandist 303 null
reject 303 wavy or inconsistent borders
spot 304 system 3 228 1825 136 12 1605
meanheight 304 11.801470588
meandist 304 0.22229554277790692
structwidth 304 134.000000000
slopegap 304 0.000000000
section 304 0 228 1828 1 6 228.500000000 1831.032050898 true
polygon 304 0 228 1828 1 6 228,1828 229,1828 229,1834 228,1834 228,1828
section 304 1 229 1825 134 12 296.000000000 1831.026075138 true
polygon 304 1 229 1825 134 12 229,1826 231,1826 231,1825 268,1825 268,1826 270,1826 270,1825 294,1825 294,1826 297,1826 297,1825 305,1825 305,1826 307,1826 307,1825 361,1825 361,1826 363,1826 363,1836 361,1836 361,1837 231,1837 231,1836 229,1836 229,1826
section 304 2 363 1828 1 6 363.500000000 1831.020099378 true
polygon 304 2 363 1828 1 6 363,1828 364,1828 364,1834 363,1834 363,1828
line 304 0 228.000000000 1831.032095163 363.000000000 1831.020143643 11.888059701
item 304 0 0 228.000000000 1831.032095163 364.000000000 1831.020055113 11.888059701
jitter 304 0.001852638 0.000898202 0.931229003
spot 305 system 3 412 1827 138 13 1642
meanheight 305 11.898550725
meandist 305 0.3408071505002462
structwidth 305 136.000000000
slopegap 305 0.000000000
section 305 0 412 1830 1 7 412.500000000 1833.378897118 true
polygon 305 0 412 1830 1 7 412,1830 413,1830 413,1837 412,1837 412,1830
section 305 1 413 1827 136 13 481.000000000 1833.800874243 true
polygon 305 1 413 1827 136 13 413,1828 415,1828 415,1827 437,1827 437,1828 457,1828 457,1827 463,1827 463,1828 547,1828 547,1829 549,1829 549,1839 547,1839 547,1840 449,1840 449,1839 424,1839 424,1840 415,1840 415,1839 413,1839 413,1828
section 305 2 549 1831 1 6 549.500000000 1834.222851367 true
polygon 305 2 549 1831 1 6 549,1831 550,1831 550,1837 549,1837 549,1831
line 305 0 412.000000000 1833.375816993 549.000000000 1834.219771242 11.977941176
item 305 0 0 412.000000000 1833.375816993 550.000000000 1834.225931492 11.977941176
jitter 305 0.002321104 0.002455476 0.880585506
spot 306 system 3 641 1831 119 13 1362
meanheight 306 11.445378151
meandist 306 0.30989803004289973
structwidth 306 117.000000000
slopegap 306 0.000000000
section 306 0 641 1834 1 6 641.500000000 1836.942317059 true
polygon 306 0 641 1834 1 6 641,1834 642,1834 642,1840 641,1840 641,1834
section 306 1 642 1831 117 13 700.500000000 1837.569416970 true
polygon 306 1 642 1831 117 13 642,1832 644,1832 644,1831 670,1831 670,1832 757,1832 757,1833 759,1833 759,1843 757,1843 757,1844 716,1844 716,1843 644,1843 644,1842 642,1842 642,1832
section 306 2 759 1835 1 6 759.500000000 1838.196516882 true
polygon 306 2 759 1835 1 6 759,1835 760,1835 760,1841 759,1841 759,1835
line 306 0 641.000000000 1836.937002653 759.000000000 1838.191202476 11.538461538
item 306 0 0 641.000000000 1836.937002653 760.000000000 1838.201831288 11.538461538
jitter 306 0.002530451 0.002420541 0.876225201
spot 307 system 3 227 1845 137 13 1615
meanheight 307 11.788321168
meandist 307 0.41695203711211903
structwidth 307 135.000000000
slopegap 307 0.000000000
section 307 0 227 1848 1 5 227.500000000 1850.961043232 true
polygon 307 0 227 1848 1 5 227,1848 228,1848 228,1853 227,1853 227,1848
section 307 1 228 1845 135 13 295.500000000 1851.451756333 true
polygon 307 1 228 1845 135 13 228,1846 230,1846 230,1845 259,1845 259,1846 265,1846 265,1845 270,1845 270,1846 286,1846 286,1845 301,1845 301,1846 344,1846 344,1845 361,1845 361,1846 363,1846 363,1857 361,1857 361,1858 319,1858 319,1857 317,1857 317,1858 313,1858 313,1857 310,1857 310,1858 304,1858 304,1857 297,1857 297,1858 293,1858 293,1857 231,1857 231,1856 229,1856 229,1855 228,1855 228,1846
section 307 2 363 1848 1 7 363.500000000 1851.942469434 true
polygon 307 2 363 1848 1 7 363,1848 364,1848 364,1855 363,1855 363,1848
line 307 0 227.000000000 1850.957435047 363.000000000 1851.938861249 11.874074074
item 307 0 0 227.000000000 1850.957435047 364.000000000 1851.946077618 11.874074074
jitter 307 0.003517678 0.002247033 0.855882245
spot 308 system 3 412 1848 138 12 1636
meanheight 308 11.855072464
meandist 308 0.16895772505076315
structwidth 308 136.000000000
slopegap 308 0.000000000
section 308 0 412 1851 1 6 412.500000000 1854.000000000 true
polygon 308 0 412 1851 1 6 412,1851 413,1851 413,1857 412,1857 412,1851
section 308 1 413 1848 136 12 481.000000000 1854.000000000 true
polygon 308 1 413 1848 136 12 413,1849 415,1849 415,1848 547,1848 547,1849 549,1849 549,1859 547,1859 547,1860 415,1860 415,1859 413,1859 413,1849
section 308 2 549 1851 1 6 549.500000000 1854.000000000 true
polygon 308 2 549 1851 1 6 549,1851 550,1851 550,1857 549,1857 549,1851
line 308 0 412.000000000 1854.000000000 549.000000000 1854.000000000 11.941176471
item 308 0 0 412.000000000 1854.000000000 550.000000000 1854.000000000 11.941176471
jitter 308 0.000878654 0.000878654 0.956067281
spot 309 system 3 1010 1855 68 15 806
meanheight 309 11.852941176
meandist 309 0.3627547731490748
structwidth 309 64.000000000
slopegap 309 0.000000000
section 309 0 1010 1858 1 5 1010.500000000 1861.108035714 true
polygon 309 0 1010 1858 1 5 1010,1858 1011,1858 1011,1863 1010,1863 1010,1858
section 309 1 1011 1856 2 10 1012.000000000 1861.176339286 true
polygon 309 1 1011 1856 2 10 1011,1856 1013,1856 1013,1866 1012,1866 1012,1865 1011,1865 1011,1856
section 309 2 1013 1855 64 15 1045.000000000 1862.679017857 true
polygon 309 2 1013 1855 64 15 1013,1855 1024,1855 1024,1856 1039,1856 1039,1857 1068,1857 1068,1858 1075,1858 1075,1859 1077,1859 1077,1869 1075,1869 1075,1870 1061,1870 1061,1869 1043,1869 1043,1868 1015,1868 1015,1867 1013,1867 1013,1855
section 309 3 1077 1861 1 6 1077.500000000 1864.158928571 true
polygon 309 3 1077 1861 1 6 1077,1861 1078,1861 1078,1867 1077,1867 1077,1861
line 309 0 1010.000000000 1861.085267857 1077.000000000 1864.136160714 12.125000000
item 309 0 0 1010.000000000 1861.085267857 1078.000000000 1864.181696429 12.125000000
jitter 309 0.005435570 0.005504201 0.726505729
spot 310 system 3 1170 1859 86 15 1106
meanheight 310 12.860465116
meandist 310 0.3690287188105251
structwidth 310 84.000000000
slopegap 310 0.000000000
section 310 0 1170 1862 1 6 1170.500000000 1865.152915865 true
polygon 310 0 1170 1862 1 6 1170,1862 1171,1862 1171,1868 1170,1868 1170,1862
section 310 1 1171 1859 84 15 1213.000000000 1866.190781614 true
polygon 310 1 1171 1859 84 15 1171,1860 1173,1860 1173,1859 1197,1859 1197,1860 1201,1860 1201,1859 1206,1859 1206,1860 1253,1860 1253,1861 1255,1861 1255,1873 1253,1873 1253,1874 1245,1874 1245,1873 1243,1873 1243,1874 1236,1874 1236,1873 1206,1873 1206,1872 1176,1872 1176,1871 1173,1871 1173,1870 1171,1870 1171,1860
section 310 2 1255 1863 1 8 1255.500000000 1867.228647363 true
polygon 310 2 1255 1863 1 8 1255,1863 1256,1863 1256,1871 1255,1871 1255,1863
line 310 0 1170.000000000 1865.140705680 1255.000000000 1867.216437177 13.000000000
item 310 0 0 1170.000000000 1865.140705680 1256.000000000 1867.240857548 13.000000000
jitter 310 0.003600964 0.004239001 0.804000871
spot 311 system 3 1836 1864 93 17 1270
meanheight 311 13.655913978
meandist 311 0.34028571930779605
structwidth 311 91.000000000
slopegap 311 0.000000000
section 311 0 1836 1867 1 6 1836.500000000 1870.477086319 true
polygon 311 0 1836 1867 1 6 1836,1867 1837,1867 1837,1873 1836,1873 1836,1867
section 311 1 1837 1864 91 17 1882.500000000 1871.738991081 true
polygon 311 1 1837 1864 91 17 1837,1865 1839,1865 1839,1864 1856,1864 1856,1865 1926,1865 1926,1866 1928,1866 1928,1880 1926,1880 1926,1881 1923,1881 1923,1880 1904,1880 1904,1879 1878,1879 1878,1878 1854,1878 1854,1877 1840,1877 1840,1876 1838,1876 1838,1875 1837,1875 1837,1865
section 311 2 1928 1868 1 10 1928.500000000 1873.000895843 true
polygon 311 2 1928 1868 1 10 1928,1868 1929,1868 1929,1878 1928,1878 1928,1868
line 311 0 1836.000000000 1870.463369963 1928.000000000 1872.987179487 13.780219780
item 311 0 0 1836.000000000 1870.463369963 1929.000000000 1873.014612199 13.780219780
jitter 311 0.003258124 0.003417471 0.833110124
spot 312 system 3 1700 1871 74 15 888
meanheight 312 12.000000000
meandist 312 0.32068384521256105
structwidth 312 71.000000000
slopegap 312 0.000000000
section 312 0 1700 1874 1 7 1700.500000000 1877.376006036 true
polygon 312 0 1700 1874 1 7 1700,1874 1701,1874 1701,1881 1700,1881 1700,1874
section 312 1 1701 1871 71 15 1736.500000000 1878.444416499 true
polygon 312 1 1701 1871 71 15 1701,1872 1703,1872 1703,1871 1712,1871 1712,1872 1741,1872 1741,1873 1771,1873 1771,1874 1772,1874 1772,1885 1770,1885 1770,1886 1765,1886 1765,1885 1737,1885 1737,1884 1703,1884 1703,1883 1701,1883 1701,1872
section 312 2 1772 1874 1 9 1772.500000000 1879.512826962 true
polygon 312 2 1772 1874 1 9 1772,1874 1773,1874 1773,1883 1772,1883 1772,1874
section 312 3 1773 1876 1 5 1773.500000000 1879.542505030 true
polygon 312 3 1773 1876 1 5 1773,1876 1774,1876 1774,1881 1773,1881 1773,1876
line 312 0 1700.000000000 1877.361167002 1773.000000000 1879.527665996 12.211267606
item 312 0 0 1700.000000000 1877.361167002 1774.000000000 1879.557344064 12.211267606
jitter 312 0.004214308 0.004242337 0.788583879
spot 313 system 3 2153 1872 24 13 273
meanheight 313 11.375000000
meandist 313 0.32978735083673333
structwidth 313 19.000000000
reject 313 too narrow width
spot 314 system 3 2064 1878 22 12 244
meanheight 314 11.090909091
meandist 314 0.4000000011175871
structwidth 314 20.000000000
reject 314 too narrow width
spot 315 system 3 1486 1891 112 15 1332
meanheight 315 11.892857143
meandist 315 0.31550845638184705
structwidth 315 110.000000000
slopegap 315 0.000000000
section 315 0 1486 1897 1 6 1486.500000000 1900.263545071 true
polygon 315 0 1486 1897 1 6 1486,1897 1487,1897 1487,1903 1486,1903 1486,1897
section 315 1 1487 1891 110 15 1542.000000000 1898.855496698 true
polygon 315 1 1487 1891 110 15 1487,1895 1489,1895 1489,1894 1520,1894 1520,1893 1556,1893 1556,1892 1587,1892 1587,1891 1595,1891 1595,1892 1597,1892 1597,1903 1595,1903 1595,1904 1560,1904 1560,1905 1513,1905 1513,1906 1489,1906 1489,1905 1487,1905 1487,1895
section 315 2 1597 1894 1 7 1597.500000000 1897.447448324 true
polygon 315 2 1597 1894 1 7 1597,1894 1598,1894 1598,1901 1597,1901 1597,1894
line 315 0 1486.000000000 1900.276230192 1597.000000000 1897.460133445 11.990909091
item 315 0 0 1486.000000000 1900.276230192 1598.000000000 1897.434763204 11.990909091
jitter 315 0.002707876 0.002655725 0.865909976
spot 316 system 3 2226 1892 14 15 140
reject 316 too narrow
spot 317 system 3 2063 1893 114 18 1375
meanheight 317 12.061403509
meandist 317 0.37171283016029705
structwidth 317 112.000000000
slopegap 317 0.000000000
section 317 0 2063 1902 1 6 2063.500000000 1905.052412914 true
polygon 317 0 2063 1902 1 6 2063,1902 2064,1902 2064,1908 2063,1908 2063,1902
section 317 1 2064 1893 112 18 2120.000000000 1902.058325076 true
polygon 317 1 2064 1893 112 18 2064,1900 2066,1900 2066,1899 2069,1899 2069,1898 2094,1898 2094,1897 2113,1897 2113,1896 2132,1896 2132,1895 2147,1895 2147,1894 2161,1894 2161,1893 2174,1893 2174,1894 2176,1894 2176,1904 2175,1904 2175,1905 2173,1905 2173,1906 2151,1906 2151,1907 2133,1907 2133,1908 2117,1908 2117,1909 2096,1909 2096,1910 2072,1910 2072,1911 2066,1911 2066,1910 2064,1910 2064,1900
section 317 2 2176 1896 1 6 2176.500000000 1899.064237238 true
polygon 317 2 2176 1896 1 6 2176,1896 2177,1896 2177,1902 2176,1902 2176,1896
line 317 0 2063.000000000 1905.078909266 2176.000000000 1899.090733591 12.169642857
item 317 0 0 2063.000000000 1905.078909266 2177.000000000 1899.037740886 12.169642857
jitter 317 0.003190641 0.002841995 0.849184098
